wall_time_ns,monotonic_time_ns,interface,rx_bytes,rx_packets,rx_errors,rx_dropped,rx_missed_errors,tx_bytes,tx_packets,tx_errors,tx_dropped,collisions
1786699423750496320,4280676654592,enp3s0,88151160999,67545636,0,0,0,84031896,524369,0,0,0
1786699424751242150,4281677397521,enp3s0,88193374771,67580875,0,0,0,85003706,527410,0,0,0
1786699425751938702,4282678093999,enp3s0,88235528315,67613262,0,0,0,85025592,527573,0,0,0
1786699426752654913,4283678811547,enp3s0,88277899579,67645914,0,0,0,85046248,527739,0,0,0
1786699427753485783,4284679641518,enp3s0,88320329683,67678475,0,0,0,85064844,527889,0,0,0
1786699428754287732,4285680442956,enp3s0,88361736559,67710252,0,0,0,85075670,527980,0,0,0
1786699429754999095,4286681154593,enp3s0,88402661015,67741681,0,0,0,85087068,528083,0,0,0
1786699430755871089,4287682026778,enp3s0,88444026237,67773226,0,0,0,85096740,528170,0,0,0
1786699431756676973,4288682832451,enp3s0,88485692313,67805114,0,0,0,85116936,528356,0,0,0
1786699432757721932,4289683877334,enp3s0,88528668903,67838044,0,0,0,85132232,528492,0,0,0
1786699433758659992,4290684815525,enp3s0,88572598383,67871667,0,0,0,85152374,528656,0,0,0
1786699434759638875,4291685794513,enp3s0,88613461079,67903180,0,0,0,85171268,528823,0,0,0
1786699435760607321,4292686762870,enp3s0,88654863039,67934894,0,0,0,85187514,528968,0,0,0
1786699436761566161,4293687722052,enp3s0,88697347421,67967458,0,0,0,85198388,529059,0,0,0
1786699437762521098,4294688676698,enp3s0,88741000391,68003127,0,0,0,85580534,531458,0,0,0
1786699438763449521,4295689605124,enp3s0,88781782057,68034403,0,0,0,85590130,531544,0,0,0
1786699439764398024,4296690553898,enp3s0,88825790573,68070320,0,0,0,85844444,533215,0,0,0
1786699440765397858,4297691553327,enp3s0,88866946995,68103147,0,0,0,86057616,534466,0,0,0
1786699441766325200,4298692480788,enp3s0,88908516493,68135240,0,0,0,86082140,534651,0,0,0
1786699442767303963,4299693459733,enp3s0,88952982387,68172401,0,0,0,86513682,537281,0,0,0
1786699443768493042,4300694648890,enp3s0,88995200371,68204697,0,0,0,86530668,537430,0,0,0
1786699444769395850,4301695551247,enp3s0,89036810769,68237708,0,0,0,86564412,537646,0,0,0
1786699445770216884,4302696372994,enp3s0,89080453673,68273211,0,0,0,86938372,540123,0,0,0
1786699446771241917,4303697397527,enp3s0,89122684633,68305753,0,0,0,86949778,540224,0,0,0
1786699447772301179,4304698457217,enp3s0,89166087067,68339062,0,0,0,86971166,540421,0,0,0
1786699448773356732,4305699512024,enp3s0,89207025581,68370534,0,0,0,86987040,540562,0,0,0
1786699449774356518,4306700511642,enp3s0,89247856963,68402144,0,0,0,87008284,540736,0,0,0
1786699450775078431,4307701233671,enp3s0,89290441933,68434686,0,0,0,87025848,540890,0,0,0
1786699451775768913,4308701924164,enp3s0,89333758277,68467805,0,0,0,87041140,541026,0,0,0
1786699452776489375,4309702644723,enp3s0,89376358819,68500421,0,0,0,87052014,541117,0,0,0
1786699453777341382,4310703496742,enp3s0,89418690303,68532785,0,0,0,87062034,541207,0,0,0
1786699454778089239,4311704244531,enp3s0,89460729627,68564898,0,0,0,87072266,541299,0,0,0
1786699455778920874,4312705076392,enp3s0,89502596573,68596954,0,0,0,87092392,541484,0,0,0
1786699456779642832,4313705797863,enp3s0,89543569295,68628445,0,0,0,87107936,541622,0,0,0
1786699457780451510,4314706606881,enp3s0,89585860369,68661069,0,0,0,87127424,541780,0,0,0
1786699458781248936,4315707404217,enp3s0,89629374599,68694286,0,0,0,87145896,541943,0,0,0
1786699459781966890,4316708122406,enp3s0,89670747307,68725978,0,0,0,87161400,542081,0,0,0
1786699460782705440,4317708861060,enp3s0,89712498727,68758030,0,0,0,87172592,542175,0,0,0
1786699461783551227,4318709706661,enp3s0,89753248873,68789231,0,0,0,87183036,542269,0,0,0
1786699462784254204,4319710409785,enp3s0,89794883781,68821115,0,0,0,87193304,542361,0,0,0
1786699463785074416,4320711229806,enp3s0,89839178853,68854940,0,0,0,87222160,542559,0,0,0
1786699464785779702,4321711935367,enp3s0,89880765957,68886805,0,0,0,87245032,542685,0,0,0
1786699465786496991,4322712652582,enp3s0,89921999463,68918602,0,0,0,87267146,542844,0,0,0
1786699466787192339,4323713347929,enp3s0,89963854181,68950679,0,0,0,87297822,543007,0,0,0
1786699467788024900,4324714180386,enp3s0,90007527997,68984042,0,0,0,87325720,543146,0,0,0
1786699468788854322,4325715009932,enp3s0,90048731215,69015636,0,0,0,87348914,543237,0,0,0
1786699469789665769,4326715821264,enp3s0,90089483099,69047701,0,0,0,87479184,544131,0,0,0
1786699470790394386,4327716549989,enp3s0,90131755879,69080075,0,0,0,87493820,544251,0,0,0
1786699471791250545,4328717405937,enp3s0,90173268075,69111827,0,0,0,87526428,544439,0,0,0
1786699472791978384,4329718133886,enp3s0,90217539423,69145731,0,0,0,87543036,544577,0,0,0
1786699473792782125,4330718937701,enp3s0,90259990479,69178362,0,0,0,87573014,544730,0,0,0
1786699474793553513,4331719709103,enp3s0,90302498079,69210941,0,0,0,87592910,544906,0,0,0
1786699475794353481,4332720509034,enp3s0,90344736931,69243282,0,0,0,87614090,545044,0,0,0
1786699476795061932,4333721217528,enp3s0,90385974735,69274898,0,0,0,87636016,545137,0,0,0
1786699477795872120,4334722027562,enp3s0,90428959459,69307748,0,0,0,87657724,545235,0,0,0
1786699478796692222,4335722847717,enp3s0,90470982463,69339863,0,0,0,87679538,545334,0,0,0
1786699479797487076,4336723642564,enp3s0,90512289175,69371553,0,0,0,87711740,545531,0,0,0
1786699480798315440,4337724470862,enp3s0,90553971769,69404314,0,0,0,87838116,546411,0,0,0
1786699481799117882,4338725273424,enp3s0,90595453861,69436299,0,0,0,87870970,546582,0,0,0
1786699482799997048,4339726152722,enp3s0,90636482097,69467788,0,0,0,87902268,546753,0,0,0
1786699483800869368,4340727024853,enp3s0,90680931769,69501714,0,0,0,87930242,546896,0,0,0
1786699484801701678,4341727857028,enp3s0,90721554161,69532896,0,0,0,87951744,546985,0,0,0
1786699485802452172,4342728607607,enp3s0,90764554845,69568840,0,0,0,88639324,549995,0,0,0
1786699486803237376,4343729392592,enp3s0,90807160589,69602048,0,0,0,88675650,550240,0,0,0
1786699487804041672,4344730197046,enp3s0,90849524951,69634555,0,0,0,88713258,550488,0,0,0
1786699488804786581,4345730941827,enp3s0,90891949447,69667199,0,0,0,88741442,550654,0,0,0
1786699489805509351,4346731665010,enp3s0,90932896987,69698851,0,0,0,88777580,550863,0,0,0
1786699490806366392,4347732521834,enp3s0,90974053329,69730432,0,0,0,88810398,551062,0,0,0
1786699491807061910,4348733217447,enp3s0,91015774413,69762397,0,0,0,88839922,551230,0,0,0
1786699492807869357,4349734024882,enp3s0,91059233983,69795763,0,0,0,88871426,551372,0,0,0
1786699493808667283,4350734822733,enp3s0,91101817815,69828551,0,0,0,88893502,551473,0,0,0
1786699494809488269,4351735643967,enp3s0,91145360695,69861754,0,0,0,88914634,551566,0,0,0
1786699495810319668,4352736474965,enp3s0,91187208919,69893780,0,0,0,88947048,551765,0,0,0
1786699496811196871,4353737352275,enp3s0,91229744637,69926375,0,0,0,88972442,551894,0,0,0
1786699497812033018,4354738188630,enp3s0,91273692507,69960101,0,0,0,89003492,552055,0,0,0
1786699498812901216,4355739056728,enp3s0,91315323499,69992004,0,0,0,89032380,552217,0,0,0
1786699499813632472,4356739787721,enp3s0,91356596547,70023581,0,0,0,89058512,552353,0,0,0
1786699500814387373,4357740543262,enp3s0,91399348409,70056347,0,0,0,89081180,552453,0,0,0
1786699501815298018,4358741453136,enp3s0,91440816199,70088028,0,0,0,89102146,552544,0,0,0
1786699502816194694,4359742350144,enp3s0,91483626827,70120701,0,0,0,89123112,552635,0,0,0
1786699503816946165,4360743101664,enp3s0,91526265783,70153314,0,0,0,89155116,552831,0,0,0
1786699504817814072,4361743971249,enp3s0,91567655231,70185188,0,0,0,89180828,552963,0,0,0
1786699505818645137,4362744800768,enp3s0,91608970621,70216924,0,0,0,89211666,553122,0,0,0
1786699506819500190,4363745655350,enp3s0,91651518309,70249509,0,0,0,89240444,553283,0,0,0
1786699507820300004,4364746455353,enp3s0,91693850515,70281869,0,0,0,89266258,553416,0,0,0
1786699508821078675,4365747234039,enp3s0,91736395313,70314467,0,0,0,89288290,553510,0,0,0
1786699509821796750,4366747952277,enp3s0,91777918103,70346216,0,0,0,89309786,553606,0,0,0
1786699510822806749,4367748962053,enp3s0,91818927505,70377601,0,0,0,89330646,553696,0,0,0
1786699511823886042,4368750042310,enp3s0,91860292565,70409295,0,0,0,89363028,553896,0,0,0
1786699512824792570,4369750948517,enp3s0,91904013131,70442693,0,0,0,89389066,554031,0,0,0
1786699513825620382,4370751775904,enp3s0,91943369565,70473278,0,0,0,89420434,554195,0,0,0
1786699514826652278,4371752807842,enp3s0,91988038501,70507343,0,0,0,89450446,554367,0,0,0
1786699515827683783,4372753839318,enp3s0,92028333161,70538150,0,0,0,89475306,554491,0,0,0
1786699516828577021,4373754733420,enp3s0,92070295593,70570357,0,0,0,89497550,554587,0,0,0
1786699517829415951,4374755571603,enp3s0,92113660711,70603478,0,0,0,89518940,554682,0,0,0
1786699518830191397,4375756347433,enp3s0,92155518569,70635458,0,0,0,89539588,554770,0,0,0
1786699519831202809,4376757358210,enp3s0,92197114431,70667290,0,0,0,89571896,554968,0,0,0
1786699520832013503,4377758169365,enp3s0,92238926883,70699386,0,0,0,89597396,555098,0,0,0
1786699521832800557,4378758956105,enp3s0,92280497487,70731425,0,0,0,89628658,555261,0,0,0
1786699522833671853,4379759827364,enp3s0,92323455543,70764233,0,0,0,89657872,555426,0,0,0
1786699523834526207,4380760681951,enp3s0,92365792427,70796709,0,0,0,89683156,555554,0,0,0
1786699524835290774,4381761446144,enp3s0,92407962341,70828941,0,0,0,89704870,555645,0,0,0
1786699525835977755,4382762133263,enp3s0,92448625895,70860064,0,0,0,89726154,555739,0,0,0
1786699526837020060,4383763175819,enp3s0,92491180835,70892546,0,0,0,89747666,555835,0,0,0
1786699527837964275,4384764119897,enp3s0,92533655487,70925027,0,0,0,89779472,556028,0,0,0
1786699528838881241,4385765036833,enp3s0,92576162813,70957597,0,0,0,89804972,556158,0,0,0
1786699529839813983,4386765969336,enp3s0,92617674201,70989552,0,0,0,89835916,556318,0,0,0
1786699530840796747,4387766952169,enp3s0,92659575643,71021655,0,0,0,89865448,556486,0,0,0
1786699531841574924,4388767730428,enp3s0,92696782033,71050287,0,0,0,89890748,556614,0,0,0
1786699532842360285,4389768515813,enp3s0,92738024197,71081923,0,0,0,89912886,556709,0,0,0
1786699533843156674,4390769312238,enp3s0,92781000469,71114724,0,0,0,89933958,556801,0,0,0
1786699534843869656,4391770025227,enp3s0,92825051177,71148300,0,0,0,89955030,556893,0,0,0
1786699535844761846,4392770917492,enp3s0,92867264583,71180596,0,0,0,89986914,557087,0,0,0
1786699536845663385,4393771818972,enp3s0,92909994771,71213332,0,0,0,90012414,557217,0,0,0
1786699537846602851,4394772758858,enp3s0,92952889329,71246354,0,0,0,90044006,557383,0,0,0
1786699538847523942,4395773679782,enp3s0,92996003743,71279304,0,0,0,90072902,557545,0,0,0
1786699539848499430,4396774654659,enp3s0,93037647187,71311158,0,0,0,90097716,557669,0,0,0
1786699540849472288,4397775627847,enp3s0,93078680323,71342653,0,0,0,90119960,557765,0,0,0
1786699541850255016,4398776410581,enp3s0,93120228523,71374398,0,0,0,90141032,557857,0,0,0
1786699542851209951,4399777365274,enp3s0,93163178999,71407195,0,0,0,90162870,557956,0,0,0
1786699543852049688,4400778205143,enp3s0,93205973127,71439912,0,0,0,90196192,558164,0,0,0
1786699544852758379,4401778913786,enp3s0,93248441873,71472435,0,0,0,90222540,558302,0,0,0
1786699545853438339,4402779593783,enp3s0,93289619877,71504151,0,0,0,90253484,558462,0,0,0
1786699546854285132,4403780440280,enp3s0,93333015735,71537337,0,0,0,90282592,558626,0,0,0
1786699547854995240,4404781150538,enp3s0,93374542257,71569102,0,0,0,90308618,558761,0,0,0
1786699548855833714,4405781989993,enp3s0,93417554495,71602002,0,0,0,90331028,558859,0,0,0
1786699549856605226,4406782760719,enp3s0,93460003715,71634403,0,0,0,90353266,558962,0,0,0
1786699550857429638,4407783584864,enp3s0,93501759339,71666290,0,0,0,90373206,559054,0,0,0
1786699551858167601,4408784322838,enp3s0,93543091985,71697949,0,0,0,90405514,559252,0,0,0
1786699552858864465,4409785019669,enp3s0,93585960997,71730764,0,0,0,90430802,559380,0,0,0
1786699553859562379,4410785717817,enp3s0,93629101331,71763889,0,0,0,90461534,559538,0,0,0
1786699554860404449,4411786559987,enp3s0,93671468779,71796301,0,0,0,90490854,559704,0,0,0
1786699555861195904,4412787351746,enp3s0,93714083153,71828891,0,0,0,90515608,559827,0,0,0
1786699556862065346,4413788220501,enp3s0,93757965973,71862429,0,0,0,90537764,559923,0,0,0
1786699557862868524,4414789024186,enp3s0,93801046935,71895273,0,0,0,90558790,560015,0,0,0
1786699558863694469,4415789850223,enp3s0,93843419151,71927617,0,0,0,90578412,560104,0,0,0
1786699559864531857,4416790686990,enp3s0,93884360297,71959005,0,0,0,90611250,560307,0,0,0
1786699560865232015,4417791387545,enp3s0,93926040497,71990958,0,0,0,90636220,560432,0,0,0
1786699561866041168,4418792196597,enp3s0,93967384285,72022810,0,0,0,90667598,560597,0,0,0
1786699562866750411,4419792907085,enp3s0,94009853573,72055409,0,0,0,90697946,560773,0,0,0
1786699563867562824,4420793718368,enp3s0,94051047457,72086842,0,0,0,90721926,560889,0,0,0
1786699564868537927,4421794693692,enp3s0,94093204411,72119119,0,0,0,90742476,560980,0,0,0
1786699565869519736,4422795675305,enp3s0,94134618191,72150808,0,0,0,90763940,561076,0,0,0
1786699566870485944,4423796641486,enp3s0,94179854613,72188550,0,0,0,91607512,564386,0,0,0
1786699567871429360,4424797584644,enp3s0,94221059299,72220126,0,0,0,91641588,564590,0,0,0
1786699568872231358,4425798386455,enp3s0,94264088233,72253122,0,0,0,91666706,564717,0,0,0
1786699569873048626,4426799203810,enp3s0,94306475607,72285763,0,0,0,91698572,564886,0,0,0
1786699570873883670,4427800039188,enp3s0,94347933917,72317542,0,0,0,91727860,565052,0,0,0
1786699571874807847,4428800963350,enp3s0,94389287145,72349207,0,0,0,91752370,565173,0,0,0
1786699572875652486,4429801808676,enp3s0,94437111629,72395796,0,0,0,93476436,576030,0,0,0
1786699573876709287,4430802864771,enp3s0,94483321665,72461874,0,0,0,96335068,595412,0,0,0
1786699574877688271,4431803843815,enp3s0,94525611563,72494262,0,0,0,96362526,595555,0,0,0
1786699575878495312,4432804650904,enp3s0,94567273671,72526210,0,0,0,96395816,595763,0,0,0
1786699576879327887,4433805483721,enp3s0,94610445907,72559266,0,0,0,96420224,595883,0,0,0
1786699577880165851,4434806321358,enp3s0,94653233829,72592187,0,0,0,96451232,596051,0,0,0
1786699578880999306,4435807155415,enp3s0,94695268121,72624440,0,0,0,96481792,596229,0,0,0
1786699579882064104,4436808219611,enp3s0,94736754761,72656150,0,0,0,96506196,596349,0,0,0
1786699580883047393,4437809202981,enp3s0,94778209651,72687970,0,0,0,96531274,596462,0,0,0
1786699581884010296,4438810166214,enp3s0,94820120387,72720937,0,0,0,96651864,597308,0,0,0
1786699582885010339,4439811166047,enp3s0,94862771461,72753465,0,0,0,96672996,597401,0,0,0
1786699583885992938,4440812148766,enp3s0,94905521251,72786135,0,0,0,96705940,597605,0,0,0
1786699584886948912,4441813104486,enp3s0,94947792173,72818548,0,0,0,96730864,597730,0,0,0
1786699585887735604,4442813892092,enp3s0,94989259609,72850513,0,0,0,96762444,597896,0,0,0
1786699586888515271,4443814670664,enp3s0,95031524739,72883009,0,0,0,96792710,598071,0,0,0
1786699587889322835,4444815478442,enp3s0,95073155509,72914768,0,0,0,96816298,598183,0,0,0
1786699588890037614,4445816193491,enp3s0,95118424763,72949347,0,0,0,96838860,598282,0,0,0
1786699589890826381,4446816982107,enp3s0,95159860347,72981037,0,0,0,96860144,598376,0,0,0
1786699590891577371,4447817732805,enp3s0,95201481729,73012882,0,0,0,96881004,598466,0,0,0
1786699591892314662,4448818471121,enp3s0,95242222935,73044127,0,0,0,96913764,598668,0,0,0
1786699592893012480,4449819167869,enp3s0,95286491331,73078025,0,0,0,96938522,598791,0,0,0
1786699593893738691,4450819894149,enp3s0,95328054989,73110051,0,0,0,96969996,598956,0,0,0
1786699594894535383,4451820690688,enp3s0,95371547075,73143330,0,0,0,96999308,599122,0,0,0
1786699595895317698,4452821473156,enp3s0,95413141409,73175148,0,0,0,97024062,599245,0,0,0
1786699596896040633,4453822196154,enp3s0,95456527693,73208370,0,0,0,97046518,599343,0,0,0
1786699597896830555,4454822986174,enp3s0,95499029321,73240858,0,0,0,97067802,599437,0,0,0
1786699598897617816,4455823773381,enp3s0,95541435291,73273244,0,0,0,97088934,599530,0,0,0
1786699599898399318,4456824554755,enp3s0,95582789033,73304947,0,0,0,97121800,599733,0,0,0
1786699600899261782,4457825417781,enp3s0,95624209815,73336750,0,0,0,97146770,599858,0,0,0
1786699601900150169,4458826305767,enp3s0,95666865023,73369556,0,0,0,97178032,600021,0,0,0
1786699602901181515,4459827337335,enp3s0,95709606173,73402291,0,0,0,97207556,600189,0,0,0
1786699603902107563,4460828262825,enp3s0,95752570609,73435149,0,0,0,97232522,600314,0,0,0
1786699604902796703,4461828952033,enp3s0,95793834851,73466853,0,0,0,97255614,600418,0,0,0
1786699605903511705,4462829667333,enp3s0,95835341985,73498539,0,0,0,97277382,600517,0,0,0
1786699606904301151,4463830456496,enp3s0,95877828023,73530992,0,0,0,97298620,600611,0,0,0
1786699607905098553,4464831253786,enp3s0,95919166311,73562645,0,0,0,97331200,600812,0,0,0
1786699608905866126,4465832021278,enp3s0,95963624945,73596644,0,0,0,97356806,600943,0,0,0
1786699609906587842,4466832743480,enp3s0,96005018697,73628504,0,0,0,97387856,601104,0,0,0
1786699610907403999,4467833559341,enp3s0,96046415823,73660267,0,0,0,97417910,601277,0,0,0
1786699611908188488,4468834343626,enp3s0,96087922277,73691980,0,0,0,97441816,601392,0,0,0
1786699612908970219,4469835125615,enp3s0,96130961379,73724914,0,0,0,97464120,601489,0,0,0
1786699613909768386,4470835923763,enp3s0,96173325757,73757246,0,0,0,97485404,601583,0,0,0
1786699614910537946,4471836693246,enp3s0,96218565259,73791718,0,0,0,97507218,601682,0,0,0
1786699615911232687,4472837388188,enp3s0,96260117251,73823503,0,0,0,97538918,601874,0,0,0
1786699616912006237,4473838161834,enp3s0,96303532033,73856705,0,0,0,97563994,602000,0,0,0
1786699617912832986,4474838988438,enp3s0,96344683099,73888392,0,0,0,97595256,602163,0,0,0
1786699618913643354,4475839799014,enp3s0,96386758677,73920596,0,0,0,97624364,602327,0,0,0
1786699619914482540,4476840638137,enp3s0,96427959535,73952136,0,0,0,97649276,602451,0,0,0
1786699620915215011,4477841370272,enp3s0,96468728555,73983439,0,0,0,97671574,602548,0,0,0
1786699621916003870,4478842159193,enp3s0,96511665403,74016207,0,0,0,97692752,602641,0,0,0
1786699622916766742,4479842922241,enp3s0,96555622673,74049685,0,0,0,97713930,602734,0,0,0
1786699623917488173,4480843643505,enp3s0,96596817337,74081247,0,0,0,97748678,602955,0,0,0
1786699624918301075,4481844456940,enp3s0,96638550241,74113243,0,0,0,97773436,603078,0,0,0
1786699625919259315,4482845414646,enp3s0,96680008561,74145180,0,0,0,97805076,603245,0,0,0
1786699626919974467,4483846129722,enp3s0,96722549707,74177743,0,0,0,97834910,603416,0,0,0
1786699627920710462,4484846865938,enp3s0,96763860573,74209313,0,0,0,97859186,603534,0,0,0
1786699628921539484,4485847695545,enp3s0,96809021583,74243769,0,0,0,97881272,603629,0,0,0
1786699629922540266,4486848696166,enp3s0,96850505183,74275459,0,0,0,97902450,603722,0,0,0
1786699630923620307,4487849775600,enp3s0,96892097309,74307233,0,0,0,97924548,603813,0,0,0
1786699631924496420,4488850652392,enp3s0,96933413567,74338840,0,0,0,97955890,604013,0,0,0
1786699632925410393,4489851565512,enp3s0,96976382125,74371732,0,0,0,97982264,604141,0,0,0
1786699633926122042,4490852277138,enp3s0,97018317265,74404050,0,0,0,98014684,604315,0,0,0
1786699634926829194,4491852985524,enp3s0,97062282901,74437533,0,0,0,98043042,604472,0,0,0
1786699635927615951,4492853770991,enp3s0,97103740651,74469241,0,0,0,98067318,604590,0,0,0
1786699636928390647,4493854546093,enp3s0,97147689229,74502823,0,0,0,98089298,604684,0,0,0
1786699637929177373,4494855332456,enp3s0,97189212137,74534549,0,0,0,98110264,604775,0,0,0
1786699638929953938,4495856109163,enp3s0,97231844123,74567061,0,0,0,98130840,604873,0,0,0
1786699639930762287,4496856919104,enp3s0,97273535391,74599023,0,0,0,98163254,605072,0,0,0
1786699640931521863,4497857676946,enp3s0,97315721789,74631294,0,0,0,98188534,605200,0,0,0
1786699641932302679,4498858458068,enp3s0,97357141313,74663198,0,0,0,98219690,605362,0,0,0
1786699642932989639,4499859145057,enp3s0,97398477599,74694910,0,0,0,98250310,605540,0,0,0
1786699643933775972,4500859931588,enp3s0,97441325251,74727652,0,0,0,98275372,605665,0,0,0
1786699644934585938,4501860741278,enp3s0,97484047503,74760355,0,0,0,98297246,605758,0,0,0
1786699645935387109,4502861542485,enp3s0,97524591677,74791402,0,0,0,98318636,605853,0,0,0
1786699646936178937,4503862334230,enp3s0,97566738791,74823597,0,0,0,98340026,605948,0,0,0
1786699647936982172,4504863137698,enp3s0,97609146675,74856046,0,0,0,98372802,606150,0,0,0
1786699648937793838,4505863950383,enp3s0,97653293817,74889823,0,0,0,98398006,606279,0,0,0
1786699649938585908,4506864741184,enp3s0,97694385959,74921496,0,0,0,98432140,606458,0,0,0
1786699650939424604,4507865579556,enp3s0,97736781131,74956826,0,0,0,99259504,609434,0,0,0
1786699651940241243,4508866396725,enp3s0,97778718187,74988974,0,0,0,99286356,609566,0,0,0
1786699652941022214,4509867177745,enp3s0,97819830215,75020589,0,0,0,99310064,609666,0,0,0
1786699653941858689,4510868014272,enp3s0,97861787391,75052712,0,0,0,99332652,609762,0,0,0
1786699654942636061,4511868791633,enp3s0,97903230957,75085464,0,0,0,99483762,610763,0,0,0
1786699655943359963,4512869515265,enp3s0,97945711333,75117928,0,0,0,99520142,610999,0,0,0
1786699656944143943,4513870299245,enp3s0,97986254295,75149090,0,0,0,99546226,611135,0,0,0
1786699657944951104,4514871107670,enp3s0,98027049177,75180574,0,0,0,99580840,611330,0,0,0
1786699658945663329,4515871818584,enp3s0,98069129157,75212903,0,0,0,99612946,611519,0,0,0
1786699659946395144,4516872550444,enp3s0,98109860981,75244101,0,0,0,99638600,611650,0,0,0
1786699660947201244,4517873356470,enp3s0,98151636795,75276139,0,0,0,99661110,611749,0,0,0
1786699661947866798,4518874022153,enp3s0,98191918213,75307011,0,0,0,99682712,611846,0,0,0
1786699662948603275,4519874759117,enp3s0,98233953873,75339090,0,0,0,99704730,611947,0,0,0
1786699663949485140,4520875640651,enp3s0,98274459745,75370154,0,0,0,99741118,612183,0,0,0
1786699664950426791,4521876582482,enp3s0,98315901373,75401972,0,0,0,99769506,612323,0,0,0
1786699665951350608,4522877506062,enp3s0,98356974017,75433643,0,0,0,99801378,612509,0,0,0
1786699666952163588,4523878318921,enp3s0,98399977733,75466638,0,0,0,99832094,612696,0,0,0
1786699667952934831,4524879090081,enp3s0,98440743541,75497854,0,0,0,99857642,612826,0,0,0
1786699668953628014,4525879783002,enp3s0,98483201957,75530395,0,0,0,99879940,612923,0,0,0
1786699669954396298,4526880551895,enp3s0,98524211417,75561792,0,0,0,99901428,613019,0,0,0
1786699670955149023,4527881304115,enp3s0,98565589833,75593475,0,0,0,99923878,613124,0,0,0
1786699671955944964,4528882100244,enp3s0,98607514565,75625572,0,0,0,99959842,613356,0,0,0
1786699672956708076,4529882863456,enp3s0,98649090279,75657501,0,0,0,99988230,613496,0,0,0
1786699673957479253,4530883634583,enp3s0,98691411895,75690094,0,0,0,100020268,613684,0,0,0
1786699674958168868,4531884324235,enp3s0,98733774803,75722636,0,0,0,100052374,613873,0,0,0
1786699675959001376,4532885156891,enp3s0,98774764249,75754023,0,0,0,100077922,614003,0,0,0
1786699676959813635,4533885968935,enp3s0,98815753315,75785508,0,0,0,100100212,614100,0,0,0
1786699677960626558,4534886781922,enp3s0,98856732619,75816872,0,0,0,100122132,614200,0,0,0
1786699678961404381,4535887559571,enp3s0,98898238421,75848601,0,0,0,100144158,614301,0,0,0
1786699679962174880,4536888330357,enp3s0,98939034369,75879871,0,0,0,100180016,614532,0,0,0
1786699680962981365,4537889136804,enp3s0,98981331909,75912313,0,0,0,100208998,614678,0,0,0
1786699681963817180,4538889973839,enp3s0,99022165943,75943805,0,0,0,100240874,614864,0,0,0
1786699682964521711,4539890677620,enp3s0,99063073657,75975282,0,0,0,100273512,615059,0,0,0
1786699683965328982,4540891485950,enp3s0,99104704603,76007131,0,0,0,100299272,615191,0,0,0
1786699684966142766,4541892298122,enp3s0,99146068477,76038885,0,0,0,100321562,615288,0,0,0
1786699685966843728,4542892998807,enp3s0,99188162591,76071037,0,0,0,100341926,615384,0,0,0
1786699686967532681,4543893687826,enp3s0,99229912183,76102939,0,0,0,100362926,615486,0,0,0
1786699687968318822,4544894474518,enp3s0,99270334379,76134071,0,0,0,100408016,615801,0,0,0
1786699688969344669,4545895500313,enp3s0,99312291087,76166276,0,0,0,100435980,615937,0,0,0
1786699689970333803,4546896489231,enp3s0,99352935109,76197634,0,0,0,100470044,616133,0,0,0
1786699690971292464,4547897448215,enp3s0,99394720819,76229737,0,0,0,100499840,616311,0,0,0
1786699691972295311,4548898450901,enp3s0,99435762909,76261165,0,0,0,100526512,616441,0,0,0
1786699692973306857,4549899462361,enp3s0,99477813887,76293406,0,0,0,100547254,616534,0,0,0
1786699693974412804,4550900567908,enp3s0,99518713475,76324724,0,0,0,100569836,616630,0,0,0
1786699694975126020,4551901281349,enp3s0,99560938877,76356965,0,0,0,100584274,616731,0,0,0
1786699695975923362,4552902078986,enp3s0,99601492599,76388038,0,0,0,100609822,616967,0,0,0
1786699696976657286,4553902812763,enp3s0,99643403019,76420198,0,0,0,100627052,617104,0,0,0
1786699697977487213,4554903642456,enp3s0,99685437397,76452563,0,0,0,100650282,617307,0,0,0
1786699698978229029,4555904384595,enp3s0,99726362765,76484061,0,0,0,100669864,617484,0,0,0
1786699699979129845,4556905285518,enp3s0,99768034637,76516000,0,0,0,100684526,617614,0,0,0
1786699700979932207,4557906087541,enp3s0,99809036223,76547411,0,0,0,100696042,617712,0,0,0
1786699701980633338,4558906788618,enp3s0,99850355729,76579021,0,0,0,100706910,617810,0,0,0
1786699702981476754,4559907632100,enp3s0,99891762423,76610688,0,0,0,100718308,617913,0,0,0
1786699703982279150,4560908434579,enp3s0,99932672509,76642145,0,0,0,100751662,618220,0,0,0
1786699704983063224,4561909218545,enp3s0,99975108093,76674662,0,0,0,100768998,618358,0,0,0
1786699705983838403,4562909993832,enp3s0,100016601005,76706637,0,0,0,100791506,618558,0,0,0
1786699706984634549,4563910790012,enp3s0,100058224455,76738621,0,0,0,100811594,618736,0,0,0
1786699707985337179,4564911492479,enp3s0,100098483207,76769582,0,0,0,100826482,618869,0,0,0
1786699708986148420,4565912304001,enp3s0,100139328939,76800840,0,0,0,100837728,618964,0,0,0
1786699709987165028,4566913320583,enp3s0,100181290215,76832881,0,0,0,100848490,619061,0,0,0
1786699710988132226,4567914287857,enp3s0,100222341515,76864296,0,0,0,100860206,619167,0,0,0
1786699711989056588,4568915212085,enp3s0,100264940217,76896900,0,0,0,100885284,619399,0,0,0
1786699712989935890,4569916091526,enp3s0,100306707141,76928883,0,0,0,100902196,619533,0,0,0
1786699713990871606,4570917027001,enp3s0,100348232057,76960889,0,0,0,100926294,619748,0,0,0
1786699714991753027,4571917908473,enp3s0,100391041485,76993669,0,0,0,100946700,619929,0,0,0
1786699715992674982,4572918830548,enp3s0,100432315553,77025240,0,0,0,100961302,620058,0,0,0
1786699716993627941,4573919785012,enp3s0,100475298311,77057989,0,0,0,100972972,620157,0,0,0
1786699717994562186,4574920717484,enp3s0,100516418959,77089359,0,0,0,100983416,620251,0,0,0
1786699718995533290,4575921688813,enp3s0,100558848113,77121661,0,0,0,100995238,620358,0,0,0
1786699719996453222,4576922608706,enp3s0,100599958673,77153066,0,0,0,101020150,620588,0,0,0
1786699720997272688,4577923429213,enp3s0,100641767257,77185035,0,0,0,101037160,620723,0,0,0
1786699721998072710,4578924228410,enp3s0,100683452847,77217194,0,0,0,101060598,620928,0,0,0
1786699722998838521,4579924994084,enp3s0,100725586589,77249364,0,0,0,101079128,621095,0,0,0
1786699723999701172,4580925856607,enp3s0,100766627289,77280782,0,0,0,101093130,621218,0,0,0
1786699725000579356,4581926734860,enp3s0,100808643973,77312826,0,0,0,101104860,621318,0,0,0
1786699726001402632,4582927557798,enp3s0,100850870527,77344983,0,0,0,101114986,621409,0,0,0
1786699727002203653,4583928358969,enp3s0,100892005909,77376395,0,0,0,101127126,621519,0,0,0
1786699728003004895,4584929160105,enp3s0,100933877251,77408365,0,0,0,101151606,621745,0,0,0
1786699729003793700,4585929949375,enp3s0,100974576297,77439546,0,0,0,101168730,621881,0,0,0
1786699730004635186,4586930790439,enp3s0,101017066047,77472283,0,0,0,101192062,622085,0,0,0
1786699731005400946,4587931556707,enp3s0,101058540893,77503974,0,0,0,101210486,622251,0,0,0
1786699732006283623,4588932439196,enp3s0,101099676797,77535504,0,0,0,101224770,622377,0,0,0
1786699733007056913,4589933212696,enp3s0,101141543879,77567430,0,0,0,101237620,622488,0,0,0
1786699734007840726,4590933997120,enp3s0,101182284317,77598529,0,0,0,101249442,622595,0,0,0
1786699735008786561,4591934943155,enp3s0,101224512133,77630746,0,0,0,101261256,622702,0,0,0
1786699736009581707,4592935737160,enp3s0,101265124535,77661881,0,0,0,101286274,622933,0,0,0
1786699737010380520,4593936535793,enp3s0,101307110383,77693931,0,0,0,101303610,623071,0,0,0
1786699738011178454,4594937334100,enp3s0,101347833269,77725449,0,0,0,101328320,623288,0,0,0
1786699739012023783,4595938179083,enp3s0,101389008213,77756849,0,0,0,101346850,623455,0,0,0
1786699740012802509,4596938958103,enp3s0,101431879255,77789646,0,0,0,101362360,623586,0,0,0
1786699741013520361,4597939676100,enp3s0,101473138021,77821067,0,0,0,101372380,623676,0,0,0
1786699742014260187,4598940415665,enp3s0,101515889633,77853616,0,0,0,101383724,623779,0,0,0
1786699743015244281,4599941399666,enp3s0,101557047577,77885011,0,0,0,101396500,623895,0,0,0
1786699744016213875,4600942369555,enp3s0,101598039487,77916460,0,0,0,101422320,624134,0,0,0
1786699745017137612,4601943292887,enp3s0,101640176441,77948579,0,0,0,101439550,624271,0,0,0
1786699746018067035,4602944222611,enp3s0,101681975923,77980811,0,0,0,101461822,624465,0,0,0
1786699747018961908,4603945117319,enp3s0,101722544881,78011825,0,0,0,101480988,624638,0,0,0
1786699748019879536,4604946035120,enp3s0,101764550281,78043995,0,0,0,101496290,624767,0,0,0
1786699749020875146,4605947031627,enp3s0,101805212539,78075060,0,0,0,101507324,624867,0,0,0
1786699750021811044,4606947966307,enp3s0,101846978847,78106863,0,0,0,101519304,624976,0,0,0
1786699751022555277,4607948710894,enp3s0,101888987315,78138893,0,0,0,101531868,625090,0,0,0
1786699752023384501,4608949540052,enp3s0,101930469747,78170704,0,0,0,101556568,625318,0,0,0
1786699753024140450,4609950296123,enp3s0,101971485523,78202019,0,0,0,101575070,625467,0,0,0
1786699754025115919,4610951271702,enp3s0,102014302457,78235002,0,0,0,101598190,625669,0,0,0
1786699755026045168,4611952200646,enp3s0,102056576925,78267260,0,0,0,101617250,625841,0,0,0
1786699756026973413,4612953128875,enp3s0,102098661757,78299461,0,0,0,101632124,625966,0,0,0
1786699757027878481,4613954033957,enp3s0,102139439617,78330591,0,0,0,101642772,626062,0,0,0
1786699758028794306,4614954950130,enp3s0,102180499819,78361922,0,0,0,101653018,626155,0,0,0
1786699759029728967,4615955884432,enp3s0,102221261221,78393020,0,0,0,101665476,626268,0,0,0
1786699760030613022,4616956768513,enp3s0,102263570823,78425412,0,0,0,101689540,626490,0,0,0
1786699761031395346,4617957551018,enp3s0,102305595869,78457478,0,0,0,101707464,626630,0,0,0
1786699762032178040,4618958333626,enp3s0,102346951483,78489420,0,0,0,101730114,626831,0,0,0
1786699763032865408,4619959020533,enp3s0,102388876735,78521424,0,0,0,101749386,627005,0,0,0
1786699764033545130,4620959700275,enp3s0,102430163979,78553060,0,0,0,101764252,627130,0,0,0
1786699765034264121,4621960419608,enp3s0,102471070507,78584296,0,0,0,101775014,627227,0,0,0
1786699766034999192,4622961154415,enp3s0,102512713507,78616899,0,0,0,101918802,628265,0,0,0
1786699767035697955,4623961853067,enp3s0,102554828179,78648994,0,0,0,101934420,628394,0,0,0
1786699768036491915,4624962647058,enp3s0,102597153633,78681400,0,0,0,101959468,628622,0,0,0
1786699769037323219,4625963478554,enp3s0,102638716593,78713095,0,0,0,101976244,628758,0,0,0
1786699770038119493,4626964274659,enp3s0,102679982243,78744989,0,0,0,101999300,628956,0,0,0
1786699771038946123,4627965101277,enp3s0,102721489887,78776664,0,0,0,102017482,629123,0,0,0
1786699772039753050,4628965908141,enp3s0,102763516341,78808827,0,0,0,102032866,629253,0,0,0
1786699773040522094,4629966677448,enp3s0,102804803115,78840441,0,0,0,102043946,629353,0,0,0
1786699774041214870,4630967370081,enp3s0,102846685783,78872357,0,0,0,102054178,629445,0,0,0
1786699775042000322,4631968157040,enp3s0,102888710055,78904410,0,0,0,102067120,629563,0,0,0
1786699776042695499,4632968850843,enp3s0,102931175955,78936914,0,0,0,102093022,629799,0,0,0
1786699777043540075,4633969695347,enp3s0,102970273895,78966802,0,0,0,102111176,629948,0,0,0
1786699778044275706,4634970431264,enp3s0,103009320253,78996696,0,0,0,102132536,630130,0,0,0
1786699779045002358,4635971157587,enp3s0,103052175223,79029104,0,0,0,102150286,630293,0,0,0
1786699780045767479,4636971922724,enp3s0,103094851805,79061471,0,0,0,102164418,630411,0,0,0
1786699781046542509,4637972697682,enp3s0,103127953861,79086920,0,0,0,102174650,630503,0,0,0
1786699782047248380,4638973403794,enp3s0,103146428231,79101724,0,0,0,102184246,630589,0,0,0
1786699783047941702,4639974097177,enp3s0,103167481703,79118398,0,0,0,102205684,630722,0,0,0
1786699784048755400,4640974911148,enp3s0,103190042165,79136312,0,0,0,102238664,630923,0,0,0
1786699785049816711,4641975972341,enp3s0,103207122219,79150134,0,0,0,102265326,631050,0,0,0
1786699786050872484,4642977027991,enp3s0,103225050581,79164920,0,0,0,102298252,631239,0,0,0
1786699787051641835,4643977797112,enp3s0,103242583473,79179082,0,0,0,102325930,631404,0,0,0
1786699788052434698,4644978589825,enp3s0,103259893405,79193170,0,0,0,102350478,631518,0,0,0
1786699789053171587,4645979327017,enp3s0,103277503791,79207354,0,0,0,102371186,631607,0,0,0
1786699790053983482,4646980138588,enp3s0,103294953083,79221416,0,0,0,102391622,631693,0,0,0
1786699791054747673,4647980904007,enp3s0,103310771827,79234310,0,0,0,102416722,631823,0,0,0
1786699792055650590,4648981806916,enp3s0,103329867293,79249716,0,0,0,102449642,632023,0,0,0
1786699793056448594,4649982603971,enp3s0,103346310557,79263940,0,0,0,102568236,632758,0,0,0
1786699794057226325,4650983381986,enp3s0,103363457493,79278447,0,0,0,102637416,633274,0,0,0
1786699795058078721,4651984233969,enp3s0,103381047455,79293752,0,0,0,102791716,634348,0,0,0
1786699796058869263,4652985024625,enp3s0,103400208117,79309242,0,0,0,102832746,634617,0,0,0
1786699797059644946,4653985800270,enp3s0,103414757773,79322254,0,0,0,103002142,635827,0,0,0
1786699798060395349,4654986550725,enp3s0,103435390611,79338672,0,0,0,103040776,636082,0,0,0
1786699799061185270,4655987340568,enp3s0,103452916233,79353898,0,0,0,103193640,637130,0,0,0
1786699800062005289,4656988160600,enp3s0,103470500101,79368225,0,0,0,103230276,637365,0,0,0
1786699801062812172,4657988968877,enp3s0,103486506021,79382309,0,0,0,103385308,638443,0,0,0
1786699802063610652,4658989766173,enp3s0,103504094943,79396869,0,0,0,103418244,638635,0,0,0
1786699803064437540,4659990592807,enp3s0,103520661549,79411404,0,0,0,103605210,640004,0,0,0
1786699804065177866,4660991334648,enp3s0,103523180463,79413346,0,0,0,103612308,640017,0,0,0
1786699805066011498,4661992168080,enp3s0,103523180463,79413346,0,0,0,103612308,640017,0,0,0
1786699806066814217,4662992970895,enp3s0,103523180463,79413346,0,0,0,103612308,640017,0,0,0
1786699807067634036,4663993789231,enp3s0,103523180463,79413346,0,0,0,103612308,640017,0,0,0
1786699808068464010,4664994619319,enp3s0,103523180463,79413346,0,0,0,103612308,640017,0,0,0
1786699809069249824,4665995405479,enp3s0,103523180463,79413346,0,0,0,103612308,640017,0,0,0
1786699810070112169,4666996267584,enp3s0,103523180463,79413346,0,0,0,103612308,640017,0,0,0
1786699811070930898,4667997086161,enp3s0,103523180463,79413346,0,0,0,103612308,640017,0,0,0
1786699812071749959,4668997905571,enp3s0,103523180463,79413346,0,0,0,103612308,640017,0,0,0
1786699813072515166,4669998670389,enp3s0,103523180463,79413346,0,0,0,103612308,640017,0,0,0
1786699814073380310,4670999535585,enp3s0,103523180463,79413346,0,0,0,103612308,640017,0,0,0
1786699815074185788,4672000341186,enp3s0,103523180463,79413346,0,0,0,103612308,640017,0,0,0
1786699816074976750,4673001132190,enp3s0,103523180463,79413346,0,0,0,103612308,640017,0,0,0
1786699817075773135,4674001928177,enp3s0,103523180463,79413346,0,0,0,103612308,640017,0,0,0
1786699818076585246,4675002740427,enp3s0,103523180463,79413346,0,0,0,103612308,640017,0,0,0
1786699819077530125,4676003685558,enp3s0,103523180463,79413346,0,0,0,103612308,640017,0,0,0
1786699820078429145,4677004584202,enp3s0,103523180463,79413346,0,0,0,103612308,640017,0,0,0
1786699821079240916,4678005396169,enp3s0,103523180463,79413346,0,0,0,103612308,640017,0,0,0
1786699822080052554,4679006207891,enp3s0,103523180463,79413346,0,0,0,103612308,640017,0,0,0
1786699823080870721,4680007026210,enp3s0,103523180463,79413346,0,0,0,103612308,640017,0,0,0
1786699824081675733,4681007831589,enp3s0,103523180463,79413346,0,0,0,103612308,640017,0,0,0
1786699825082562796,4682008717995,enp3s0,103523180463,79413346,0,0,0,103612308,640017,0,0,0
1786699826083362465,4683009517787,enp3s0,103523180463,79413346,0,0,0,103612308,640017,0,0,0
1786699827084185758,4684010341028,enp3s0,103523180463,79413346,0,0,0,103612308,640017,0,0,0
1786699828085040954,4685011196471,enp3s0,103523180463,79413346,0,0,0,103612308,640017,0,0,0
1786699829086026960,4686012182535,enp3s0,103523180463,79413346,0,0,0,103612308,640017,0,0,0
1786699830086974888,4687013130466,enp3s0,103523180463,79413346,0,0,0,103612308,640017,0,0,0
1786699831087939688,4688014095319,enp3s0,103523180463,79413346,0,0,0,103612308,640017,0,0,0
1786699832088873912,4689015029282,enp3s0,103523180463,79413346,0,0,0,103612308,640017,0,0,0
1786699833089821771,4690015977613,enp3s0,103523180463,79413346,0,0,0,103612308,640017,0,0,0
1786699834090774702,4691016930280,enp3s0,103523180463,79413346,0,0,0,103612308,640017,0,0,0
1786699835091711874,4692017867895,enp3s0,103523180463,79413346,0,0,0,103612308,640017,0,0,0
1786699836092662451,4693018818167,enp3s0,103523180463,79413346,0,0,0,103612308,640017,0,0,0
1786699837093632633,4694019788244,enp3s0,103523180463,79413346,0,0,0,103612308,640017,0,0,0
1786699838094588369,4695020744232,enp3s0,103523180463,79413346,0,0,0,103612308,640017,0,0,0
1786699839095566059,4696021721365,enp3s0,103523180463,79413346,0,0,0,103612308,640017,0,0,0
1786699840096590832,4697022746558,enp3s0,103523180463,79413346,0,0,0,103612308,640017,0,0,0
1786699841097551495,4698023706836,enp3s0,103523180463,79413346,0,0,0,103612308,640017,0,0,0
1786699842098515030,4699024670697,enp3s0,103523180463,79413346,0,0,0,103612308,640017,0,0,0
1786699843099503177,4700025658617,enp3s0,103523180463,79413346,0,0,0,103612308,640017,0,0,0
1786699844100370274,4701026525675,enp3s0,103523180463,79413346,0,0,0,103612308,640017,0,0,0
1786699845101265470,4702027420893,enp3s0,103523180463,79413346,0,0,0,103612308,640017,0,0,0
1786699846102053776,4703028209018,enp3s0,103523180463,79413346,0,0,0,103612308,640017,0,0,0
1786699847102839098,4704028994284,enp3s0,103523180463,79413346,0,0,0,103612308,640017,0,0,0
1786699848103626992,4705029782433,enp3s0,103523180463,79413346,0,0,0,103612308,640017,0,0,0
1786699849104414066,4706030569474,enp3s0,103523180463,79413346,0,0,0,103612308,640017,0,0,0
1786699850105391094,4707031546773,enp3s0,103523180463,79413346,0,0,0,103612308,640017,0,0,0
1786699851106417132,4708032574219,enp3s0,103523180463,79413346,0,0,0,103612308,640017,0,0,0
1786699852107354164,4709033509678,enp3s0,103523180463,79413346,0,0,0,103612308,640017,0,0,0
1786699853108316129,4710034471615,enp3s0,103523180463,79413346,0,0,0,103612308,640017,0,0,0
1786699854109271744,4711035427413,enp3s0,103523180463,79413346,0,0,0,103612308,640017,0,0,0
1786699855110250323,4712036405538,enp3s0,103523180463,79413346,0,0,0,103612308,640017,0,0,0
1786699856111208914,4713037364818,enp3s0,103523180463,79413346,0,0,0,103612308,640017,0,0,0
1786699857112226098,4714038381631,enp3s0,103523180463,79413346,0,0,0,103612308,640017,0,0,0
1786699858113227542,4715039382860,enp3s0,103523180463,79413346,0,0,0,103612308,640017,0,0,0
1786699859114180120,4716040335864,enp3s0,103523180463,79413346,0,0,0,103612308,640017,0,0,0
1786699860115139873,4717041295245,enp3s0,103523180463,79413346,0,0,0,103612308,640017,0,0,0
1786699861115924340,4718042079959,enp3s0,103523180463,79413346,0,0,0,103612308,640017,0,0,0
1786699862116710169,4719042865374,enp3s0,103523180463,79413346,0,0,0,103612308,640017,0,0,0
1786699863117494450,4720043649865,enp3s0,103523180463,79413346,0,0,0,103612308,640017,0,0,0
1786699864118308610,4721044464104,enp3s0,103523180463,79413346,0,0,0,103612308,640017,0,0,0
1786699865119342815,4722045498355,enp3s0,103523180463,79413346,0,0,0,103612308,640017,0,0,0
1786699866120298179,4723046454170,enp3s0,103523180463,79413346,0,0,0,103612308,640017,0,0,0
1786699867121342258,4724047498019,enp3s0,103523180463,79413346,0,0,0,103612308,640017,0,0,0
1786699868122419579,4725048575358,enp3s0,103523180463,79413346,0,0,0,103612308,640017,0,0,0
1786699869123432617,4726049588427,enp3s0,103523180463,79413346,0,0,0,103612308,640017,0,0,0
1786699870124278733,4727050434026,enp3s0,103523180463,79413346,0,0,0,103612308,640017,0,0,0
1786699871125264452,4728051419829,enp3s0,103523180463,79413346,0,0,0,103612308,640017,0,0,0
1786699872126075751,4729052231385,enp3s0,103523180463,79413346,0,0,0,103612308,640017,0,0,0
1786699873126841742,4730052997306,enp3s0,103523180463,79413346,0,0,0,103612308,640017,0,0,0
1786699874127623846,4731053779107,enp3s0,103523180463,79413346,0,0,0,103612308,640017,0,0,0
1786699875128468689,4732054624148,enp3s0,103523180463,79413346,0,0,0,103612308,640017,0,0,0
1786699876129261543,4733055416828,enp3s0,103523180463,79413346,0,0,0,103612308,640017,0,0,0
1786699877130058040,4734056213521,enp3s0,103523180463,79413346,0,0,0,103612308,640017,0,0,0
1786699878130868685,4735057024295,enp3s0,103523180463,79413346,0,0,0,103612308,640017,0,0,0
1786699879131879918,4736058035555,enp3s0,103523180463,79413346,0,0,0,103612308,640017,0,0,0
1786699880132873458,4737059028977,enp3s0,103523180463,79413346,0,0,0,103612308,640017,0,0,0
1786699881133830999,4738059986612,enp3s0,103523180463,79413346,0,0,0,103612308,640017,0,0,0
1786699882134774144,4739060929811,enp3s0,103523180463,79413346,0,0,0,103612308,640017,0,0,0
1786699883135627268,4740061782691,enp3s0,103523180463,79413346,0,0,0,103612308,640017,0,0,0
1786699884136421974,4741062577477,enp3s0,103523180463,79413346,0,0,0,103612308,640017,0,0,0
1786699885137268236,4742063423694,enp3s0,103523180463,79413346,0,0,0,103612308,640017,0,0,0
1786699886138105033,4743064260679,enp3s0,103523180463,79413346,0,0,0,103612308,640017,0,0,0
1786699887138935387,4744065090881,enp3s0,103523180463,79413346,0,0,0,103612308,640017,0,0,0
1786699888139719949,4745065876478,enp3s0,103523180463,79413346,0,0,0,103612308,640017,0,0,0
1786699889140534506,4746066689705,enp3s0,103523180463,79413346,0,0,0,103612308,640017,0,0,0
1786699890141314781,4747067470296,enp3s0,103523180463,79413346,0,0,0,103612308,640017,0,0,0
1786699891142131838,4748068287131,enp3s0,103523180463,79413346,0,0,0,103612308,640017,0,0,0
1786699892142889551,4749069046182,enp3s0,103523180463,79413346,0,0,0,103612308,640017,0,0,0
1786699893143661254,4750069816585,enp3s0,103523180463,79413346,0,0,0,103612308,640017,0,0,0
1786699894144446432,4751070601749,enp3s0,103523180463,79413346,0,0,0,103612308,640017,0,0,0
1786699895145250413,4752071405567,enp3s0,103523180463,79413346,0,0,0,103612308,640017,0,0,0
1786699896146042641,4753072197731,enp3s0,103523180463,79413346,0,0,0,103612308,640017,0,0,0
1786699897146815799,4754072971228,enp3s0,103523180463,79413346,0,0,0,103612308,640017,0,0,0
1786699898147632702,4755073788118,enp3s0,103523180463,79413346,0,0,0,103612308,640017,0,0,0
1786699899148451500,4756074607316,enp3s0,103523180463,79413346,0,0,0,103612308,640017,0,0,0
1786699900149467762,4757075623288,enp3s0,103523180463,79413346,0,0,0,103612308,640017,0,0,0
1786699901150412642,4758076568100,enp3s0,103523180463,79413346,0,0,0,103612308,640017,0,0,0
1786699902151247577,4759077402764,enp3s0,103523180463,79413346,0,0,0,103612308,640017,0,0,0
1786699903152050866,4760078206353,enp3s0,103523180463,79413346,0,0,0,103612308,640017,0,0,0
1786699904152861088,4761079016404,enp3s0,103523180463,79413346,0,0,0,103612308,640017,0,0,0
1786699905153658996,4762079814436,enp3s0,103523180463,79413346,0,0,0,103612308,640017,0,0,0
1786699906154496053,4763080652418,enp3s0,103523180463,79413346,0,0,0,103612308,640017,0,0,0
1786699907155284316,4764081439728,enp3s0,103523180463,79413346,0,0,0,103612308,640017,0,0,0
1786699908156151202,4765082306870,enp3s0,103523180463,79413346,0,0,0,103612308,640017,0,0,0
1786699909157056939,4766083212568,enp3s0,103523180463,79413346,0,0,0,103612308,640017,0,0,0
1786699910158083568,4767084239166,enp3s0,103523180463,79413346,0,0,0,103612308,640017,0,0,0
1786699911159047771,4768085203198,enp3s0,103523180463,79413346,0,0,0,103612308,640017,0,0,0
1786699912159990928,4769086146286,enp3s0,103523180463,79413346,0,0,0,103612308,640017,0,0,0
1786699913160959181,4770087114741,enp3s0,103523180463,79413346,0,0,0,103612308,640017,0,0,0
1786699914161875052,4771088031041,enp3s0,103523180463,79413346,0,0,0,103612308,640017,0,0,0
1786699915162822414,4772088977746,enp3s0,103523180463,79413346,0,0,0,103612308,640017,0,0,0
1786699916163805412,4773089960920,enp3s0,103523180463,79413346,0,0,0,103612308,640017,0,0,0
1786699917164783663,4774090939448,enp3s0,103523180463,79413346,0,0,0,103612308,640017,0,0,0
1786699918165729746,4775091885202,enp3s0,103523180463,79413346,0,0,0,103612308,640017,0,0,0
1786699919167205392,4776093361072,enp3s0,103523180463,79413346,0,0,0,103612308,640017,0,0,0
1786699920168300127,4777094455983,enp3s0,103523180463,79413346,0,0,0,103612308,640017,0,0,0
1786699921169268631,4778095424549,enp3s0,103523180463,79413346,0,0,0,103612855,640020,0,0,0
1786699922170247728,4779096403575,enp3s0,103523180463,79413346,0,0,0,103612941,640021,0,0,0
1786699923171233050,4780097388823,enp3s0,103523180463,79413346,0,0,0,103612941,640021,0,0,0
1786699924172251757,4781098407372,enp3s0,103523180463,79413346,0,0,0,103613051,640022,0,0,0
1786699925173211744,4782099367570,enp3s0,103523180463,79413346,0,0,0,103613358,640024,0,0,0
1786699926174211878,4783100367814,enp3s0,103523180463,79413346,0,0,0,103613747,640026,0,0,0
1786699927175136309,4784101291998,enp3s0,103523180463,79413346,0,0,0,103613747,640026,0,0,0
1786699928175980703,4785102136874,enp3s0,103523180463,79413346,0,0,0,103613854,640027,0,0,0
1786699929176874290,4786103029968,enp3s0,103523180463,79413346,0,0,0,103613854,640027,0,0,0
1786699930177753129,4787103908694,enp3s0,103523180463,79413346,0,0,0,103614181,640028,0,0,0
1786699931178833728,4788104989256,enp3s0,103523180463,79413346,0,0,0,103614181,640028,0,0,0
1786699932179828453,4789105984132,enp3s0,103523180463,79413346,0,0,0,103614181,640028,0,0,0
1786699933180862449,4790107018074,enp3s0,103523180463,79413346,0,0,0,103614181,640028,0,0,0
1786699934181870348,4791108025989,enp3s0,103523180463,79413346,0,0,0,103614181,640028,0,0,0
1786699935182721115,4792108876593,enp3s0,103523180463,79413346,0,0,0,103614181,640028,0,0,0
1786699936183534176,4793109689609,enp3s0,103523180463,79413346,0,0,0,103614181,640028,0,0,0
1786699937184377837,4794110533340,enp3s0,103523180463,79413346,0,0,0,103614181,640028,0,0,0
1786699938185170082,4795111325206,enp3s0,103523180463,79413346,0,0,0,103614181,640028,0,0,0
1786699939185961911,4796112117351,enp3s0,103523180463,79413346,0,0,0,103614728,640031,0,0,0
1786699940186813846,4797112968993,enp3s0,103523180463,79413346,0,0,0,103614814,640032,0,0,0
1786699941187588123,4798113743277,enp3s0,103523180463,79413346,0,0,0,103615510,640036,0,0,0
1786699942188353402,4799114508629,enp3s0,103523180463,79413346,0,0,0,103615727,640038,0,0,0
1786699943189137556,4800115292722,enp3s0,103523180463,79413346,0,0,0,103616054,640039,0,0,0
1786699944189864736,4801116019987,enp3s0,103523180463,79413346,0,0,0,103616251,640040,0,0,0
1786699945190629888,4802116785004,enp3s0,103523180463,79413346,0,0,0,103616313,640041,0,0,0
1786699946191396373,4803117551586,enp3s0,103523180463,79413346,0,0,0,103616420,640042,0,0,0
1786699947192163665,4804118319030,enp3s0,103523180463,79413346,0,0,0,103616420,640042,0,0,0
1786699948192973369,4805119128924,enp3s0,103523180463,79413346,0,0,0,103616747,640043,0,0,0
1786699949193803486,4806119959679,enp3s0,103523180463,79413346,0,0,0,103616747,640043,0,0,0
1786699950194599995,4807120755678,enp3s0,103523180463,79413346,0,0,0,103616747,640043,0,0,0
1786699951195614148,4808121769574,enp3s0,103523180463,79413346,0,0,0,103616747,640043,0,0,0
1786699952196381917,4809122537081,enp3s0,103523180463,79413346,0,0,0,103616747,640043,0,0,0
1786699953197198430,4810123353760,enp3s0,103523180463,79413346,0,0,0,103617029,640046,0,0,0
1786699954198048601,4811124203997,enp3s0,103523180463,79413346,0,0,0,103617136,640047,0,0,0
1786699955198852837,4812125008193,enp3s0,103523180463,79413346,0,0,0,103617136,640047,0,0,0
1786699956199685685,4813125841138,enp3s0,103523180463,79413346,0,0,0,103617136,640047,0,0,0
1786699957200568885,4814126724544,enp3s0,103523181959,79413351,0,0,0,103619645,640065,0,0,0
1786699958201556065,4815127711672,enp3s0,103523181959,79413351,0,0,0,103619960,640067,0,0,0
1786699959202481255,4816128636516,enp3s0,103523182090,79413352,0,0,0,103620677,640073,0,0,0
1786699960203274485,4817129429687,enp3s0,103523182090,79413352,0,0,0,103622568,640078,0,0,0
1786699961204062345,4818130217584,enp3s0,103523182090,79413352,0,0,0,103622856,640080,0,0,0
1786699962204864914,4819131020234,enp3s0,103523182218,79413353,0,0,0,103626650,640109,0,0,0
1786699963205696457,4820131852055,enp3s0,103523182218,79413353,0,0,0,103628412,640122,0,0,0
1786699964206584206,4821132741298,enp3s0,103523182218,79413353,0,0,0,103631022,640140,0,0,0
1786699965207366532,4822133521921,enp3s0,103523182218,79413353,0,0,0,103632986,640156,0,0,0
1786699966208168448,4823134323618,enp3s0,103523182218,79413353,0,0,0,103634808,640170,0,0,0
1786699967208973903,4824135129507,enp3s0,103523182218,79413353,0,0,0,103636801,640186,0,0,0
1786699968209829487,4825135985014,enp3s0,103523182218,79413353,0,0,0,103638953,640198,0,0,0
1786699969210677575,4826136832792,enp3s0,103523182335,79413354,0,0,0,103641056,640215,0,0,0
1786699970211469418,4827137624702,enp3s0,103523182335,79413354,0,0,0,103644213,640234,0,0,0
1786699971212281096,4828138436893,enp3s0,103523182335,79413354,0,0,0,103645969,640247,0,0,0
1786699972213144370,4829139299616,enp3s0,103523182335,79413354,0,0,0,103648520,640264,0,0,0
1786699973213953478,4830140109120,enp3s0,103523182335,79413354,0,0,0,103650416,640279,0,0,0
1786699974214879341,4831141035031,enp3s0,103523182335,79413354,0,0,0,103652090,640291,0,0,0
1786699975215869696,4832142025240,enp3s0,103523182335,79413354,0,0,0,103653772,640303,0,0,0
1786699976216671216,4833142826842,enp3s0,103523182437,79413355,0,0,0,103656072,640317,0,0,0
1786699977217681958,4834143837760,enp3s0,103523182437,79413355,0,0,0,103657775,640329,0,0,0
1786699978218821937,4835144977830,enp3s0,103523182437,79413355,0,0,0,103660687,640345,0,0,0
1786699979219711392,4836145866812,enp3s0,103523182437,79413355,0,0,0,103662301,640356,0,0,0
1786699980220520950,4837146676440,enp3s0,103523182437,79413355,0,0,0,103664587,640370,0,0,0
1786699981221500842,4838147657090,enp3s0,103523182437,79413355,0,0,0,103666483,640385,0,0,0
1786699982222616205,4839148771727,enp3s0,103523182437,79413355,0,0,0,103668157,640397,0,0,0
1786699983223698232,4840149853628,enp3s0,103523182497,79413356,0,1,0,103669999,640410,0,0,0
1786699984224630599,4841150786001,enp3s0,103523182497,79413356,0,1,0,103672151,640422,0,0,0
1786699985225591853,4842151747161,enp3s0,103523182497,79413356,0,1,0,103673765,640433,0,0,0
1786699986226527977,4843152683519,enp3s0,103523182497,79413356,0,1,0,103676611,640448,0,0,0
1786699987227475098,4844153630452,enp3s0,103523182497,79413356,0,1,0,103678299,640460,0,0,0
1786699988228412153,4845154567717,enp3s0,103523182497,79413356,0,1,0,103680592,640475,0,0,0
1786699989229381839,4846155537365,enp3s0,103523182497,79413356,0,1,0,103682266,640487,0,0,0
1786699990230441286,4847156597194,enp3s0,103523182497,79413356,0,1,0,103684014,640500,0,0,0
1786699991231417342,4848157573063,enp3s0,103523182497,79413356,0,1,0,103685628,640511,0,0,0
1786699992232379558,4849158535105,enp3s0,103523182497,79413356,0,1,0,103687854,640524,0,0,0
1786699993233248009,4850159404920,enp3s0,103523182497,79413356,0,1,0,103689468,640535,0,0,0
1786699994234064827,4851160220277,enp3s0,103523182497,79413356,0,1,0,103692314,640550,0,0,0
1786699995234902572,4852161059052,enp3s0,103523182599,79413357,0,1,0,103694002,640562,0,0,0
1786699996235679771,4853161835229,enp3s0,103523182599,79413357,0,1,0,103696288,640576,0,0,0
1786699997236474181,4854162629703,enp3s0,103523182599,79413357,0,1,0,103697962,640588,0,0,0
1786699998237299235,4855163454442,enp3s0,103523182599,79413357,0,1,0,103699636,640600,0,0,0
1786699999238069683,4856164224874,enp3s0,103523182599,79413357,0,1,0,103701250,640611,0,0,0
1786700000238870190,4857165025765,enp3s0,103523182599,79413357,0,1,0,103703476,640624,0,0,0
1786700001239726783,4858165883588,enp3s0,103523182599,79413357,0,1,0,103705016,640634,0,0,0
1786700002240550429,4859166705845,enp3s0,103523182701,79413358,0,1,0,103708179,640653,0,0,0
1786700003241344772,4860167499811,enp3s0,103523182701,79413358,0,1,0,103709719,640663,0,0,0
1786700004242122293,4861168277535,enp3s0,103523182761,79413359,0,1,0,103711991,640677,0,0,0
1786700005242872327,4862169028137,enp3s0,103523182761,79413359,0,1,0,103713591,640688,0,0,0
1786700006243692024,4863169847258,enp3s0,103523182965,79413361,0,1,0,103715413,640702,0,0,0
1786700007244484683,4864170640217,enp3s0,103523182965,79413361,0,1,0,103717027,640713,0,0,0
1786700008245278521,4865171433718,enp3s0,103523182965,79413361,0,1,0,103719253,640726,0,0,0
1786700009246085865,4866172241460,enp3s0,103523182965,79413361,0,1,0,103720793,640736,0,0,0
1786700010246864451,4867173019626,enp3s0,103523182965,79413361,0,1,0,103723565,640750,0,0,0
1786700011247650807,4868173806109,enp3s0,103523182965,79413361,0,1,0,103725105,640760,0,0,0
1786700012248478944,4869174634460,enp3s0,103523182965,79413361,0,1,0,103727317,640773,0,0,0
1786700013249326650,4870175482638,enp3s0,103523182965,79413361,0,1,0,103728917,640784,0,0,0
1786700014250301024,4871176456382,enp3s0,103523183025,79413362,0,2,0,103730517,640795,0,0,0
1786700015251218227,4872177373736,enp3s0,103523183025,79413362,0,2,0,103732057,640805,0,0,0
1786700016252036802,4873178192161,enp3s0,103523183025,79413362,0,2,0,103734209,640817,0,0,0
1786700017252893758,4874179050215,enp3s0,103523183025,79413362,0,2,0,103735749,640827,0,0,0
1786700018253682537,4875179837824,enp3s0,103523183025,79413362,0,2,0,103738367,640840,0,0,0
1786700019254525242,4876180680220,enp3s0,103523183025,79413362,0,2,0,103739907,640850,0,0,0
1786700020255335891,4877181491247,enp3s0,103523183229,79413364,0,2,0,103742428,640867,0,0,0
1786700021256186015,4878182341553,enp3s0,103523183229,79413364,0,2,0,103744102,640879,0,0,0
1786700022257031755,4879183187314,enp3s0,103523183229,79413364,0,2,0,103745776,640891,0,0,0
1786700023257864540,4880184019747,enp3s0,103523183229,79413364,0,2,0,103747390,640902,0,0,0
1786700024258636467,4881184791862,enp3s0,103523183229,79413364,0,2,0,103749616,640915,0,0,0
1786700025259471200,4882185626283,enp3s0,103523183229,79413364,0,2,0,103751230,640926,0,0,0
1786700026260316944,4883186472262,enp3s0,103523183229,79413364,0,2,0,103754002,640940,0,0,0
1786700027261127983,4884187283732,enp3s0,103523183331,79413365,0,2,0,103755690,640952,0,0,0
1786700028262023578,4885188179599,enp3s0,103523183331,79413365,0,2,0,103757976,640966,0,0,0
1786700029262902309,4886189058160,enp3s0,103523183331,79413365,0,2,0,103759650,640978,0,0,0
1786700030263752499,4887189909387,enp3s0,103523183331,79413365,0,2,0,103761324,640990,0,0,0
1786700031264555752,4888190710994,enp3s0,103523183331,79413365,0,2,0,103762938,641001,0,0,0
1786700032265374380,4889191529589,enp3s0,103523183331,79413365,0,2,0,103765164,641014,0,0,0
1786700033266166702,4890192322074,enp3s0,103523183331,79413365,0,2,0,103766704,641024,0,0,0
1786700034267007923,4891193163303,enp3s0,103523183331,79413365,0,2,0,103769476,641038,0,0,0
1786700035267824320,4892193980772,enp3s0,103523183433,79413366,0,2,0,103771164,641050,0,0,0
1786700036268661536,4893194817015,enp3s0,103523183433,79413366,0,2,0,103773450,641064,0,0,0
1786700037269539583,4894195695319,enp3s0,103523183433,79413366,0,2,0,103775124,641076,0,0,0
1786700038270453910,4895196609504,enp3s0,103523183433,79413366,0,2,0,103776798,641088,0,0,0
1786700039271290244,4896197445613,enp3s0,103523183433,79413366,0,2,0,103778412,641099,0,0,0
1786700040272128901,4897198284609,enp3s0,103523183433,79413366,0,2,0,103780638,641112,0,0,0
1786700041273063732,4898199220049,enp3s0,103523183433,79413366,0,2,0,103782178,641122,0,0,0
1786700042274085314,4899200240942,enp3s0,103523183433,79413366,0,2,0,103784950,641136,0,0,0
1786700043274956860,4900201112542,enp3s0,103523183433,79413366,0,2,0,103786490,641146,0,0,0
1786700044275832519,4901201988308,enp3s0,103523183493,79413367,0,3,0,103788702,641159,0,0,0
1786700045276717373,4902202872754,enp3s0,103523183493,79413367,0,3,0,103790302,641170,0,0,0
1786700046277559865,4903203715617,enp3s0,103523183493,79413367,0,3,0,103791902,641181,0,0,0
1786700047278481031,4904204638014,enp3s0,103523183493,79413367,0,3,0,103793442,641191,0,0,0
1786700048279500079,4905205655696,enp3s0,103523183493,79413367,0,3,0,103795594,641203,0,0,0
1786700049280362091,4906206517805,enp3s0,103523183493,79413367,0,3,0,103797134,641213,0,0,0
1786700050281209346,4907207364781,enp3s0,103523183574,79413368,0,3,0,103799906,641227,0,0,0
1786700051282047549,4908208203187,enp3s0,103523184742,79413375,0,3,0,103801446,641237,0,0,0
1786700052282871334,4909209026707,enp3s0,103523186006,79413383,0,3,0,103804112,641251,0,0,0
1786700053283662720,4910209818355,enp3s0,103523189999,79413404,0,3,0,103805652,641261,0,0,0
1786700054284485410,4911210640618,enp3s0,103523191551,79413416,0,3,0,103807192,641271,0,0,0
1786700055285285875,4912211441055,enp3s0,103523192936,79413428,0,3,0,103808578,641280,0,0,0
1786700056286060901,4913212216150,enp3s0,103523193388,79413433,0,3,0,103810730,641292,0,0,0
1786700057286897918,4914213053117,enp3s0,103523194124,79413440,0,3,0,103812270,641302,0,0,0
1786700058287676179,4915213831671,enp3s0,103523194656,79413446,0,3,0,103815102,641317,0,0,0
1786700059288476151,4916214631354,enp3s0,103523194776,79413448,0,3,0,103816642,641327,0,0,0
