wall_time_ns,cpu_percent,memory_used_kib,memory_total_kib,gpu_percent,gpu_memory_used_mib,gpu_memory_total_mib,nic_receive_bytes_total,nic_transmit_bytes_total
1786699424764405837,27.621052631578948,25150984,65595064,59,6075,24564,88255631702,123167774
1786699425791211251,19.98365345320801,25170804,65595064,61,6083,24564,88298568784,123189448
1786699426816844989,22.004089979550102,25157704,65595064,60,6077,24564,88341898762,123211462
1786699427842588624,28.401150842581174,25194676,65595064,61,6077,24564,88385595360,123229588
1786699428869214136,19.959016393442624,25199032,65595064,60,6077,24564,88427894064,123240838
1786699429892645660,32.22267370987404,25180620,65595064,62,6077,24564,88469538204,123252194
1786699430917682719,20.893669838642946,25195452,65595064,59,6075,24564,88512396904,123263652
1786699431942988466,21.810699588477366,25174236,65595064,64,6083,24564,88554736717,123397713
1786699432967164117,29.127406800491602,25199300,65595064,62,6075,24564,88598959257,123416338
1786699433997463441,20.0,25201664,65595064,62,6077,24564,88644088247,123437846
1786699435025908421,23.84078785391875,25193056,65595064,61,6077,24564,88686469370,123456126
1786699436049497279,20.53061224489796,25178296,65595064,59,6077,24564,88728150684,123470258
1786699437074231271,28.32512315270936,25185640,65595064,53,6075,24564,88771810407,123487970
1786699438099538314,24.39325380501851,25216980,65595064,57,6075,24564,88816460328,123874611
1786699439124692228,20.486397361912612,25228196,65595064,62,6077,24564,88859245222,123893029
1786699440149020923,28.47165160230074,25215580,65595064,60,6077,24564,88903351062,124339297
1786699441174206620,20.147722609766106,25197612,65595064,60,6076,24564,88945241418,124358059
1786699442201767904,26.004922067268254,25201628,65595064,61,6075,24564,88988985974,124384817
1786699443226134828,23.020106688551497,25212548,65595064,61,6077,24564,89034977655,124815925
1786699444255406640,20.098643649815042,25201480,65595064,58,6077,24564,89076856638,124834343
1786699445279122816,22.554236594351206,25200568,65595064,58,6077,24564,89121092312,125241311
1786699446303998605,22.295623451692816,25207320,65595064,60,6078,24564,89164303065,125255597
1786699447329861013,20.657084188911703,25183696,65595064,62,6077,24564,89208263720,125275025
1786699448354822150,20.369609856262834,25162400,65595064,63,6075,24564,89251456640,125294635
1786699449381861897,20.434070434070435,25177424,65595064,62,6075,24564,89293730155,125310005
1786699450408057200,22.818517001229004,25186576,65595064,64,6090,24564,89336897629,125335143
1786699451437347870,20.426579163248565,25211048,65595064,58,6092,24564,89380467976,125358253
1786699452464361309,20.481436148510813,25183072,65595064,57,6088,24564,89424307629,125377049
1786699453489548241,20.50861361771944,25171608,65595064,59,6089,24564,89468519404,125388811
1786699454512509912,22.295623451692816,25163108,65595064,60,6085,24564,89511535022,125402373
1786699455539621277,20.525451559934318,25165828,65595064,61,6078,24564,89554461148,125427117
1786699456564741194,21.399345335515548,25167200,65595064,61,6074,24564,89596420277,125449521
1786699457591428425,20.032908268202387,25135628,65595064,62,6074,24564,89639639375,125470177
1786699458617595269,20.71924805884757,25174488,65595064,60,6074,24564,89684146120,125493139
1786699459646727295,20.442441622285948,25170748,65595064,60,6074,24564,89726816866,125518235
1786699460673791306,20.180106426524766,25152820,65595064,59,6074,24564,89769550379,125534159
1786699461697658037,20.262510254306807,25141744,65595064,60,6074,24564,89811839788,125545919
1786699462725453332,26.578621543541065,25329788,65595064,61,6086,24564,89854110503,125566565
1786699463747263182,22.01797385620915,25159756,65595064,61,6086,24564,89899607327,125593779
1786699464773684206,20.90834697217676,25169916,65595064,63,6086,24564,89942061523,125621095
1786699465796967463,20.777096114519427,25148400,65595064,58,6085,24564,89984286318,125643661
1786699466825675908,20.450819672131146,25170456,65595064,60,6085,24564,90027283634,125675291
1786699467847582920,20.947325438954675,25174452,65595064,60,6073,24564,90072018706,125702639
1786699468872181393,20.172910662824208,25175088,65595064,59,6073,24564,90113833002,125726779
1786699469895401047,21.857025472473296,25161808,65595064,59,6070,24564,90155744546,125858029
1786699470923100757,21.39917695473251,25145500,65595064,60,6073,24564,90199004928,125872263
1786699471953441725,20.823145884270577,25155316,65595064,59,6073,24564,90242982039,125907942
1786699472978244249,20.603835169318646,25150912,65595064,60,6072,24564,90287175396,125927814
1786699474001428158,20.27194066749073,25174004,65595064,64,6072,24564,90330192467,125961388
1786699475026158720,20.698151950718685,25169684,65595064,60,6071,24564,90373597639,125987336
1786699476049873368,20.419063270336895,25173828,65595064,60,6071,24564,90416759771,126012574
1786699477075708201,20.279146141215108,25172224,65595064,61,6072,24564,90460484583,126035984
1786699478100109423,22.40032881216605,25154232,65595064,59,6073,24564,90503931815,126063442
1786699479126331924,21.043978627209206,25171628,65595064,63,6073,24564,90546481736,126095040
1786699480149110286,20.44334975369458,25146876,65595064,59,6073,24564,90588757809,126159340
1786699481173558372,20.22194821208385,25161256,65595064,63,6070,24564,90631312307,126259544
1786699482197131082,21.28874388254486,25157048,65595064,59,6071,24564,90673631062,126299490
1786699483221287974,20.47599507591301,25158060,65595064,61,6071,24564,90716742760,126335362
1786699484247428719,20.970394736842106,25145348,65595064,60,6073,24564,90760745689,126362616
1786699485271524685,24.222585924713584,25264740,65595064,66,6073,24564,90803096871,126393890
1786699486295972377,37.68947152806227,25272024,65595064,61,6075,24564,90847973437,127089106
1786699487322116222,21.977124183006534,25251144,65595064,57,6075,24564,90891424837,127129338
1786699488448535024,21.484214842148422,25248200,65595064,29,6080,24564,90939207399,127166648
1786699489474177994,20.861423220973784,25253828,65595064,60,6072,24564,90981030253,127193132
1786699490498274471,21.147540983606557,25239540,65595064,61,6075,24564,91023762865,127230622
1786699491523959943,20.91395636064224,25249200,65595064,58,6075,24564,91065892595,127266294
1786699492547907338,21.568627450980394,25273912,65595064,60,6072,24564,91110692507,127395744
1786699493573570454,22.20853858784893,25149280,65595064,62,6074,24564,91154021644,127431340
1786699494596457908,22.706705059646236,25168632,65595064,59,6073,24564,91198470780,127454772
1786699495620982751,21.249486230990545,25183920,65595064,60,6075,24564,91241153448,127485270
1786699496647487658,20.8026208026208,25167324,65595064,61,6075,24564,91284702914,127513420
1786699497671830706,20.449897750511248,25160912,65595064,60,6075,24564,91329720930,127542366
1786699498695427924,20.491803278688526,25159904,65595064,62,6075,24564,91372517538,127572562
1786699499722475025,20.669934640522875,25165460,65595064,59,6071,24564,91414733088,127601940
1786699500746795684,20.50653594771242,25166508,65595064,63,6073,24564,91458378915,127624290
1786699501770381284,20.674064940402793,25161604,65595064,59,6071,24564,91501076486,127646438
1786699502794633500,22.12171052631579,25164864,65595064,62,6072,24564,91544624352,127668642
1786699503820275560,20.50861361771944,25169084,65595064,61,6073,24564,91588197236,127701438
1786699504845451529,20.613496932515336,25169492,65595064,60,6079,24564,91630647922,127727892
1786699505869927838,20.930232558139537,25173476,65595064,62,6073,24564,91673000930,127758306
1786699506893417378,20.678381691867592,25189968,65595064,62,6070,24564,91716049343,127790364
1786699507921548004,20.541205412054122,25183504,65595064,61,6073,24564,91759737781,127819695
1786699508944357080,20.408997955010225,25164660,65595064,60,6073,24564,91803450321,127844685
1786699509971253925,21.449156031288595,25193292,65595064,61,6072,24564,91845915893,127866181
1786699510997874942,21.676891615541923,25180704,65595064,62,6072,24564,91888315549,127890399
1786699512023526591,19.893136046033703,25158504,65595064,61,6073,24564,91930614999,127922939
1786699513049035052,20.410677618069816,25174612,65595064,62,6071,24564,91975184133,127953289
1786699514073317054,20.71078431372549,25166528,65595064,62,6072,24564,92017640103,127984147
1786699515097073102,22.922636103151863,25198264,65595064,59,6072,24564,92060153301,128030023
1786699516123651270,23.78223495702006,25210124,65595064,60,6080,24564,92103641916,128100061
1786699517147002648,22.65464973371569,25180772,65595064,58,6079,24564,92145805775,128150400
1786699518174444113,22.093981863149217,25170260,65595064,60,6077,24564,92190398104,128183179
1786699519197527848,21.104294478527606,25157636,65595064,62,6077,24564,92233284841,128212615
1786699520222559595,24.083985179086042,25241056,65595064,64,6073,24564,92275878935,128250553
1786699521249242517,21.499176276771006,25217212,65595064,61,6090,24564,92318808821,128314542
1786699522274528343,23.06122448979592,25204924,65595064,61,6085,24564,92363282666,128379295
1786699523297854758,21.27921279212792,25224764,65595064,60,6085,24564,92405671004,128413491
1786699524325677791,20.254724732949878,25229820,65595064,58,6085,24564,92449866641,128440645
1786699525351140681,21.908271908271907,25247376,65595064,63,6083,24564,92492610456,128466147
1786699526377307702,25.72835453426344,25285772,65595064,60,6095,24564,92534924913,128498111
1786699527402275301,22.523633374434855,25261472,65595064,63,6098,24564,92578161678,128533895
1786699528430008479,21.225832990538873,25237872,65595064,61,6084,24564,92622259984,128565153
1786699529456320298,20.72920934043425,25227288,65595064,63,6084,24564,92665404991,128602449
1786699530482751093,20.572597137014316,25211484,65595064,61,6084,24564,92707901504,128642963
1786699531506886680,22.81134401972873,25256140,65595064,58,6083,24564,92745404418,128685527
1786699532536421245,22.039473684210527,25243088,65595064,62,6078,24564,92788326577,128715149
1786699533559939082,22.054626987362415,25238332,65595064,58,6076,24564,92832321424,128737285
1786699534589014708,24.252355591970503,25230268,65595064,64,6076,24564,92877215037,128761179
1786699535614369262,21.32895816242822,25247332,65595064,60,6076,24564,92920030998,128790935
1786699536642344238,22.135523613963038,25258296,65595064,62,6082,24564,92964641755,128819183
1786699537668214668,21.69811320754717,25220720,65595064,62,6076,24564,93008628162,128850411
1786699538691710187,21.42269736842105,25231176,65595064,58,6074,24564,93052688297,128885191
1786699539716380034,22.044989775051125,25242220,65595064,62,6076,24564,93095558679,128917549
1786699540746028152,29.631147540983605,25285648,65595064,65,6076,24564,93137745326,128957854
1786699541772712119,21.30879345603272,25226824,65595064,61,6076,24564,93180691677,128983344
1786699542796926994,22.637633525061627,25221292,65595064,56,6076,24564,93224555519,129010454
1786699543822757477,33.00533005330053,25281916,65595064,64,6091,24564,93267890570,129049824
1786699544845222530,23.127572016460906,25239224,65595064,63,6089,24564,93311650582,129102129
1786699545871698481,28.031237155774765,25243472,65595064,65,6090,24564,93354066063,129150672
1786699546895773947,20.739219712525667,25229752,65595064,61,6089,24564,93398421613,129186232
1786699547921088098,21.630479311757476,25230564,65595064,64,6090,24564,93440991728,129227767
1786699548946092488,20.96247960848287,25223684,65595064,63,6083,24564,93484984159,129257971
1786699549972826999,23.0327868852459,25249920,65595064,64,6084,24564,93528652682,129286530
1786699550997936445,31.671434409480998,25260408,65595064,58,6085,24564,93571291482,129332408
1786699552023472596,20.691073632250102,25227164,65595064,59,6085,24564,93613817800,129598294
1786699553046714360,20.886335658596636,25261240,65595064,60,6083,24564,93657998663,129824729
1786699554072708425,20.469522240527183,25222328,65595064,62,6083,24564,93701766957,129856393
1786699555095343681,20.27138157894737,25267984,65595064,60,6082,24564,93744908298,129884335
1786699556121417825,20.85385878489327,25225884,65595064,64,6084,24564,93788804303,129914145
1786699557145910413,20.65573770491803,25218196,65595064,60,6081,24564,93833772752,129945929
1786699558172164727,22.94141745186399,25221160,65595064,60,6083,24564,93878642672,129977015
1786699559197362155,21.41389231401562,25227348,65595064,63,6081,24564,93921065100,130022739
1786699560223805496,20.78720787207872,25218880,65595064,61,6083,24564,93962885745,130067821
1786699561248000040,21.27659574468085,25255336,65595064,61,6083,24564,94005867930,130104653
1786699562272830334,21.349693251533743,25247700,65595064,63,6083,24564,94048308862,130160624
1786699563296315055,20.64144736842105,25235096,65595064,62,6083,24564,94091552124,130195710
1786699564322825221,63.77049180327869,25259016,65595064,59,6081,24564,94134938615,130232511
1786699565346854410,23.205546492659053,25227068,65595064,64,6083,24564,94176870685,130257721
1786699566371895990,43.66255144032922,25335424,65595064,52,6086,24564,94221533854,130992766
1786699567397168866,22.03459637561779,25244512,65595064,63,6086,24564,94266310073,131143258
1786699568423332832,20.57494866529774,25237292,65595064,62,6086,24564,94308476818,131180250
1786699569450926437,20.94069529652352,25216272,65595064,61,6086,24564,94352988923,131222559
1786699570478099095,20.5978705978706,25232604,65595064,63,6083,24564,94395788901,131261943
1786699571504460673,20.760114425827545,25253340,65595064,61,6085,24564,94437961944,131298573
1786699572537843369,36.09975470155356,25445968,65595064,54,6081,24564,94481435121,131443678
1786699573563926562,44.08735063864854,25711372,65595064,60,6081,24564,94534500337,136182632
1786699574591400404,27.347611202635914,25241548,65595064,62,6089,24564,94578223422,136375324
1786699575617234295,20.304777594728172,25227556,65595064,62,6083,24564,94620382008,136408792
1786699576642091570,21.119281045751634,25255004,65595064,60,6083,24564,94664780273,136441622
1786699577666755253,20.565342072920934,25229416,65595064,62,6083,24564,94708019988,136474256
1786699578690897720,20.640131308986458,25241948,65595064,61,6081,24564,94751764624,136507464
1786699579717105839,22.59654889071487,25240588,65595064,62,6083,24564,94794449523,136568041
1786699580742995246,20.426579163248565,25261872,65595064,60,6083,24564,94836750205,136593353
1786699581768512661,21.5158924205379,25252020,65595064,63,6083,24564,94879927837,136717271
1786699582798149019,22.432210353327854,25228212,65595064,60,6087,24564,94923853575,136741525
1786699583825376975,20.930232558139537,25229968,65595064,61,6081,24564,94967426959,137079075
1786699584852005082,20.737704918032787,25230188,65595064,60,6083,24564,95010977653,137219853
1786699585878898804,20.28747433264887,25266220,65595064,61,6083,24564,95053316219,137252789
1786699586906496607,20.93877551020408,25251728,65595064,63,6083,24564,95096618833,137283479
1786699587929717610,20.74316047366272,25247288,65595064,59,6081,24564,95139643355,137309185
1786699588953713247,20.77334430275607,25260352,65595064,65,6081,24564,95185428022,137336269
1786699589978936190,21.649484536082475,25236320,65595064,61,6081,24564,95228125929,137362323
1786699591004776316,22.67106347897774,25237468,65595064,62,6106,24564,95270744299,137391635
1786699592030276616,22.90983606557377,25252356,65595064,60,6106,24564,95312661567,137447174
1786699593057401624,21.890343698854338,25235020,65595064,60,6106,24564,95358161625,137497946
1786699594083893282,21.20098039215686,25269684,65595064,64,6093,24564,95401895119,137530364
1786699595107615735,20.671305771592305,25248496,65595064,59,6091,24564,95445646809,137562712
1786699596134189105,20.864197530864196,25259036,65595064,62,6115,24564,95488070072,137593466
1786699597157933702,20.69529652351738,25257992,65595064,60,6114,24564,95532392022,137619248
1786699598185467514,23.029045643153527,25251964,65595064,60,6119,24564,95576553913,137653251
1786699599211478268,21.352459016393443,25257828,65595064,59,6115,24564,95619419076,137679749
1786699600235673550,21.23821238212382,25239220,65595064,61,6116,24564,95661686280,137711741
1786699601261122452,20.80758137618459,25231156,65595064,59,6106,24564,95704343321,137743207
1786699602289575776,20.899795501022496,25269432,65595064,62,6110,24564,95748239434,137780294
1786699603314890587,21.79959100204499,25276520,65595064,61,6085,24564,95793142227,137824850
1786699604342464229,20.841847159787495,25234136,65595064,64,6078,24564,95836026065,137853228
1786699605366877780,20.737704918032787,25256924,65595064,61,6071,24564,95878280993,137889384
1786699606392057027,21.87241093620547,25251492,65595064,60,6073,24564,95921057457,137921847
1786699607420629842,21.11065741118824,25232332,65595064,60,6073,24564,95964726949,137950247
1786699608444857638,20.5810147299509,25271272,65595064,60,6074,24564,96008936205,137980887
1786699609471074218,20.25420254202542,25241060,65595064,62,6073,24564,96052216091,138006163
1786699610494280600,20.369609856262834,25252572,65595064,61,6073,24564,96094571780,138038193
1786699611519352918,21.07421074210742,25257568,65595064,60,6073,24564,96136986690,138070619
1786699612544094115,20.55076037813399,25233464,65595064,62,6073,24564,96179910478,138322788
1786699613571016708,19.942315615986814,25246956,65595064,61,6071,24564,96224672664,138353948
1786699614600348426,22.028985507246375,25229840,65595064,60,6071,24564,96270575881,138383308
1786699615622890865,21.41119221411192,25242780,65595064,59,6073,24564,96313531563,138422122
1786699616647345864,20.78028747433265,25261396,65595064,61,6073,24564,96357118908,138458720
1786699617673000339,20.181593066446553,25256356,65595064,61,6073,24564,96400058430,138498475
1786699618698664555,20.80098079280752,25224348,65595064,61,6071,24564,96443482250,138534837
1786699619721782696,20.47599507591301,25252756,65595064,62,6073,24564,96485370855,138567891
1786699620745180535,20.932134096484056,25254116,65595064,60,6071,24564,96527102025,138596143
1786699621771010260,20.297029702970296,25237900,65595064,62,6073,24564,96570909220,138621263
1786699622797247937,21.8091697645601,25251748,65595064,60,6073,24564,96615844806,138645199
1786699623822704944,20.541205412054122,25269792,65595064,60,6071,24564,96658178224,138681739
1786699624847477528,20.606308889799262,25271372,65595064,60,6073,24564,96700853970,138711765
1786699625872077871,20.47599507591301,25255712,65595064,59,6073,24564,96743552074,138747023
1786699626898160837,20.76167076167076,25233688,65595064,65,6073,24564,96786953166,138781311
1786699627921906960,20.558063192449733,25250880,65595064,60,6071,24564,96829380075,138806639
1786699628945263843,20.754716981132077,25231072,65595064,63,6071,24564,96875427816,138837649
1786699629972365300,21.457990115321252,25242336,65595064,59,6073,24564,96918032815,138863511
1786699630995338716,21.703521703521705,25244660,65595064,61,6073,24564,96960581660,138889885
1786699632020258363,20.60032894736842,25266348,65595064,59,6071,24564,97003031030,138926583
1786699633045342503,20.48539695598519,25279832,65595064,60,6073,24564,97046489073,138960849
1786699634071376802,20.80098079280752,25240540,65595064,63,6073,24564,97090493565,139000255
1786699635096296217,20.238095238095237,25249064,65595064,58,6073,24564,97134867938,139031927
1786699636120999945,21.77650429799427,25264944,65595064,62,6073,24564,97177531901,139063425
1786699637144992401,20.565342072920934,25231424,65595064,57,6073,24564,97222036914,139090895
1786699638169668704,22.19482120838471,25242872,65595064,62,6073,24564,97264809624,139117511
1786699639195710396,20.994248151191453,25250416,65595064,60,6073,24564,97308272441,139157855
1786699640222913482,20.877768662838392,25233496,65595064,61,6073,24564,97351493363,139196095
1786699641248726240,21.063394683026583,25252568,65595064,61,6080,24564,97394309869,139235921
1786699642275648757,20.857142857142858,25238644,65595064,59,6079,24564,97437170007,139270821
1786699643299223744,20.427455815865187,25236080,65595064,60,6081,24564,97480306644,139304655
1786699644326591727,20.541205412054122,25226668,65595064,60,6079,24564,97523124249,139331763
1786699645354856061,20.599097250718096,25246768,65595064,62,6076,24564,97566415800,139366057
1786699646383656395,22.285948381810734,25234524,65595064,61,6076,24564,97608669133,139389067
1786699647409553765,21.273989383421807,25252392,65595064,61,6072,24564,97653050585,139420934
1786699648432201670,20.712239050347932,25255368,65595064,61,6075,24564,97696859723,139454868
1786699649460643917,20.37037037037037,25248200,65595064,61,6075,24564,97740792123,139482308
1786699650483927330,28.600654664484452,25312352,65595064,58,6073,24564,97784131399,140314068
1786699651510299581,21.290587751746816,25282444,65595064,61,6072,24564,97826434313,140350179
1786699652537296374,21.48997134670487,25297380,65595064,58,6075,24564,97868786119,140377563
1786699653563232635,21.75869120654397,25291852,65595064,61,6073,24564,97912068828,140407797
1786699654590615032,24.60155292194524,25320512,65595064,61,6078,24564,97954111327,140573349
1786699655615705516,21.563011456628477,25318692,65595064,60,6074,24564,97997950758,140608573
1786699656641808096,21.48997134670487,25312768,65595064,61,6075,24564,98039511714,140640285
1786699657666051974,21.037581699346404,25305052,65595064,58,6073,24564,98081592286,140671455
1786699658694660696,20.927369716864998,25291728,65595064,60,6072,24564,98124657012,140703491
1786699659719264694,21.026694045174537,25318180,65595064,58,6074,24564,98166459654,140733737
1786699660742633752,21.188524590163933,25320508,65595064,61,6073,24564,98209249614,140757973
1786699661772213136,22.75890298812935,25297040,65595064,63,6075,24564,98250627972,140780309
1786699662797887649,25.913891145410236,25306152,65595064,62,6114,24564,98293378494,140806479
1786699663822297111,21.554192229038854,25329964,65595064,65,6106,24564,98335250104,140842842
1786699664845690966,21.746293245469523,25300600,65595064,61,6105,24564,98377299285,140871924
1786699665872533501,20.977011494252874,25320356,65595064,60,6105,24564,98419461272,140907350
1786699666897487892,21.475409836065573,25296424,65595064,59,6105,24564,98463439846,140949441
1786699667922756303,21.24075595727198,25282464,65595064,61,6079,24564,98505318146,140976221
1786699668945636252,21.577441765427054,25317044,65595064,62,6080,24564,98548702904,140998605
1786699669971558176,22.231370934540962,25310780,65595064,62,6080,24564,98590877420,141020317
1786699670994531139,22.585924713584287,25307732,65595064,62,6077,24564,98633123984,141043297
1786699672018573564,20.983064849235852,25309852,65595064,62,6080,24564,98676166430,141214793
1786699673042820340,21.043978627209206,25319860,65595064,62,6080,24564,98718531196,141326332
1786699674071449459,20.76480263157895,25298960,65595064,58,6078,24564,98762673052,141360724
1786699675098118405,21.17984432609586,25284176,65595064,62,6077,24564,98805457373,141391789
1786699676126182734,21.23567921440262,25322488,65595064,58,6078,24564,98847327383,141420533
1786699677151895357,21.536575398447077,25308316,65595064,62,6080,24564,98889464538,141445371
1786699678180416596,22.89700451374641,25315272,65595064,63,6080,24564,98931471123,141466717
1786699679204482886,21.999180663662433,25319448,65595064,63,6080,24564,98974047196,141503363
1786699680229792991,21.46661204424416,25292556,65595064,62,6080,24564,99015920669,141538105
1786699681254403798,21.311475409836067,25311312,65595064,58,6078,24564,99059087929,141565687
1786699682278994100,21.676891615541923,25303872,65595064,63,6080,24564,99101088975,141613531
1786699683303653191,21.644844517184943,25318688,65595064,62,6077,24564,99143610715,141646797
1786699684329217386,21.152263374485596,25336088,65595064,63,6080,24564,99185758425,141672125
1786699685353004972,23.774509803921568,25338508,65595064,61,6090,24564,99228714996,141700197
1786699686377497680,23.500410846343467,25338704,65595064,62,6088,24564,99271663893,141721209
1786699687404761301,22.46317512274959,25306280,65595064,61,6078,24564,99313335949,141764325
1786699688430562243,21.50142798857609,25346948,65595064,65,6077,24564,99355219635,141800081
1786699689455485943,21.737357259380097,25325424,65595064,59,6075,24564,99397997658,141832469
1786699690479967651,21.046128500823723,25308860,65595064,65,6066,24564,99439961599,141871231
1786699691505696385,21.54854567800082,25322972,65595064,60,6066,24564,99482515614,141907459
1786699692536583334,22.60976610586787,25347248,65595064,63,6068,24564,99525064055,141940908
1786699693562975035,25.356125356125357,25491468,65595064,59,6092,24564,99568179550,141963130
1786699694589570222,24.609695973705833,25289408,65595064,62,6091,24564,99610949691,141986925
1786699695615781860,21.534044298605416,25278824,65595064,59,6078,24564,99653025692,142011911
1786699696643786790,21.16728318947801,25281152,65595064,62,6078,24564,99695715195,142032997
1786699697670272975,21.25307125307125,25281452,65595064,63,6067,24564,99738970844,142055583
1786699698693272167,21.190965092402465,25288576,65595064,58,6067,24564,99781134317,142082827
1786699699718044685,21.03960396039604,25235812,65595064,59,6067,24564,99822565141,142116636
1786699700743384794,21.866009042334568,25258448,65595064,60,6066,24564,99865479129,142133358
1786699701768063820,21.310799670239078,25265636,65595064,59,6068,24564,99907776888,142149776
1786699702791639363,22.81134401972873,25244664,65595064,57,6065,24564,99950214618,142165480
1786699703818460209,20.7166392092257,25244536,65595064,58,6065,24564,99992266675,142199032
1786699704847982086,20.70957095709571,25267524,65595064,63,6066,24564,100035910994,142225163
1786699705873330202,21.153846153846153,25257152,65595064,58,6068,24564,100078289371,142251503
1786699706897590521,23.655030800821354,25248124,65595064,61,6070,24564,100121118630,142283516
1786699707922130819,20.739219712525667,25264628,65595064,60,6070,24564,100162084114,142299554
1786699708946564329,21.510204081632654,25245484,65595064,63,6070,24564,100203965066,142313624
1786699709971934635,31.63771712158809,25276652,65595064,58,6069,24564,100247215305,142328850
1786699710994743749,22.432210353327854,25291204,65595064,62,6070,24564,100289063898,142345590
1786699712021066298,21.266968325791854,25277852,65595064,63,6070,24564,100332804620,142375240
1786699713046742144,21.67487684729064,25266820,65595064,60,6068,24564,100375483597,142399068
1786699714072505127,21.443214432144323,25291196,65595064,58,6069,24564,100418144829,142428910
1786699715095743273,21.410992616899097,25316728,65595064,61,6069,24564,100461688459,142452856
1786699716120567642,23.17826265953067,25265548,65595064,62,6070,24564,100504175430,142481196
1786699717145126776,20.955125566076575,25276016,65595064,61,6070,24564,100547891662,142502461
1786699718172164916,23.099054665022607,25236304,65595064,61,6067,24564,100590146589,142516615
1786699719196492893,21.912187115305702,25241044,65595064,61,6068,24564,100633741549,142533685
1786699720221715390,21.38752052545156,25252272,65595064,62,6067,24564,100676405821,142558753
1786699721246774510,20.69249793899423,25234144,65595064,61,6068,24564,100718516217,142577601
1786699722271898756,21.25205930807249,25249508,65595064,58,6067,24564,100761659894,142614364
1786699723298519999,21.660501438553226,25269440,65595064,61,6068,24564,100804645568,142640874
1786699724323014421,21.361213612136122,25252996,65595064,59,6066,24564,100846645786,142655908
1786699725346199327,21.487263763352505,25258972,65595064,61,6068,24564,100889857915,143023438
1786699726370938285,23.16570486397362,25242740,65595064,61,6067,24564,100932593247,143113734
1786699727395217553,21.740907233346956,25240972,65595064,63,6068,24564,100974733755,143133236
1786699728421636726,21.10469909315746,25246560,65595064,60,6066,24564,101017744389,143155992
1786699729445328216,21.40221402214022,25237108,65595064,59,6066,24564,101060511531,143170648
1786699730471579902,21.34046052631579,25258376,65595064,62,6065,24564,101103775425,143195148
1786699731496676221,23.22818517001229,25253340,65595064,59,6090,24564,101145311901,143219634
1786699732521311053,23.89344262295082,25267984,65595064,63,6093,24564,101188103469,143284884
1786699733545291614,23.067484662576685,25296564,65595064,61,6081,24564,101230065841,143328170
1786699734573345969,23.30016583747927,25296180,65595064,62,6080,24564,101273380750,143375110
1786699735596689372,21.8174375767499,25295940,65595064,60,6080,24564,101315121667,143451411
1786699736627453183,21.499176276771006,25281720,65595064,59,6073,24564,101358370779,143574163
1786699737651062537,21.454842664487128,25294976,65595064,59,6074,24564,101399968411,143594633
1786699738675839384,22.624434389140273,25278720,65595064,57,6070,24564,101442010790,143625428
1786699739703645491,21.02880658436214,25281604,65595064,61,6067,24564,101485397200,143645552
1786699740727785788,21.218315617334422,25297176,65595064,61,6067,24564,101528321144,143657266
1786699741754536404,21.75697865353038,25269304,65595064,62,6067,24564,101571292934,143669042
1786699742779105405,22.864217911679734,25267620,65595064,58,6067,24564,101614233452,143680684
1786699743804544584,21.712412945514135,25268552,65595064,59,6067,24564,101656283300,143705490
1786699744829551076,21.4987714987715,25275260,65595064,60,6067,24564,101699389114,143722906
1786699745852803897,21.152263374485596,25274640,65595064,62,6067,24564,101741943888,143745448
1786699746877722049,20.855614973262032,25247256,65595064,61,6065,24564,101783681726,143767332
1786699747902925274,21.043978627209206,25265280,65595064,62,6065,24564,101826682556,143782730
1786699748929925135,21.175986842105264,25256336,65595064,60,6067,24564,101867906274,143794834
1786699749959234897,22.78118609406953,25244376,65595064,63,6067,24564,101911281292,143807402
1786699750985779368,22.354388843314194,25243440,65595064,62,6065,24564,101953980978,143819166
1786699752008489319,21.443214432144323,25241852,65595064,56,6065,24564,101996701740,143845648
1786699753033636725,21.10469909315746,25247368,65595064,61,6067,24564,102038738944,143866386
1786699754058597129,21.35523613963039,25266944,65595064,60,6067,24564,102082399450,143890046
1786699755082494748,21.740907233346956,25250004,65595064,61,6067,24564,102125669326,143909010
1786699756109575419,21.676891615541923,25244868,65595064,60,6065,24564,102168864607,143928836
1786699757137499291,21.229508196721312,25257456,65595064,60,6073,24564,102210859255,143939602
1786699758165982144,23.04847986852917,25255924,65595064,60,6067,24564,102252896211,143950150
1786699759191500562,21.878812525416837,25244892,65595064,61,6067,24564,102295373560,143966684
1786699760215612112,22.01797385620915,25269444,65595064,62,6067,24564,102337948308,143989148
1786699761241044400,21.178409559126493,25291400,65595064,60,6065,24564,102381238428,144006312
1786699762267456168,21.232032854209447,25238268,65595064,62,6065,24564,102423719022,144029938
1786699763290218007,21.66257166257166,25257928,65595064,61,6065,24564,102466536622,144052799
1786699764317458519,21.16728318947801,25238360,65595064,58,6067,24564,102508649903,144065109
1786699765342614973,20.903490759753595,25253164,65595064,59,6067,24564,102551721188,144077103
1786699766366164124,23.636363636363637,25251432,65595064,60,6067,24564,102593105324,144223415
1786699767391506046,22.04433497536946,25282524,65595064,62,6067,24564,102636309036,144246321
1786699768417319004,21.39917695473251,25257476,65595064,61,6067,24564,102680034135,144277210
1786699769442121828,20.883202641353694,25284124,65595064,61,6065,24564,102722046853,144291740
1786699770467798845,21.57829839704069,25263324,65595064,61,6065,24564,102765392368,144318284
1786699771490757149,21.849427168576106,25263732,65595064,60,6067,24564,102807505247,144344059
1786699772514049009,21.504934210526315,25259784,65595064,61,6065,24564,102850262151,144364097
1786699773541299566,21.454993834771887,25289452,65595064,60,6071,24564,102893109183,144391093
1786699774569360481,24.137931034482758,25252852,65595064,61,6067,24564,102935995257,144409713
1786699775593140014,21.457821457821456,25276052,65595064,60,6067,24564,102979694423,144439425
1786699776619584053,21.73377156943303,25264340,65595064,58,6065,24564,103022586706,144468791
1786699777644039078,20.886335658596636,25272000,65595064,62,6067,24564,103058686407,144494533
1786699778669203454,21.13486842105263,25276060,65595064,59,6067,24564,103103570565,144520513
1786699779692454458,21.80481829318089,25271436,65595064,63,6067,24564,103147232694,144547779
1786699780717504508,21.567010309278352,25261836,65595064,58,6065,24564,103188686527,144573761
1786699781750708502,24.673202614379086,25644920,65595064,56,6077,24564,103207554606,144595671
1786699782775486871,26.230174867832453,25252736,65595064,59,6079,24564,103229199418,144612681
1786699783799219571,21.682319314005717,25263512,65595064,61,6079,24564,103252360020,144649507
1786699784823695475,21.463815789473685,25266108,65595064,64,6076,24564,103270808188,144680651
1786699785848920491,22.84659557013946,25284336,65595064,60,6076,24564,103289130972,144727443
1786699786874323557,21.493027071369976,25278240,65595064,63,6070,24564,103306689023,144760563
1786699787897481124,21.39630390143737,25272944,65595064,61,6069,24564,103324203753,144787703
1786699788925482489,20.537190082644628,25274284,65595064,61,6068,24564,103343419569,144812457
1786699789948620447,22.29064039408867,25242960,65595064,60,6068,24564,103360926809,144834164
1786699790972831485,22.37704918032787,25259600,65595064,63,6065,24564,103376756737,144856900
1786699791996920190,21.557377049180328,25283700,65595064,61,6068,24564,103395890187,144909033
1786699793025443506,21.13022113022113,25277148,65595064,58,6066,24564,103413814423,144981739
1786699794048411141,21.11521115211152,25280308,65595064,62,6067,24564,103431166423,145101655
1786699795072403372,21.030927835051546,25279624,65595064,63,6067,24564,103448784324,145341269
1786699796095007621,21.331689272503084,25272016,65595064,61,6066,24564,103467983104,145457949
1786699797121623703,21.041837571780146,25268680,65595064,60,6068,24564,103483979361,145637788
1786699798146315581,22.934648581997536,25293052,65595064,62,6067,24564,103504828745,145733751
1786699799173008375,22.08111429741909,25283052,65595064,59,6068,24564,103521115533,145897035
1786699800198044494,21.958213846784105,25287780,65595064,62,6066,24564,103540045587,145936661
1786699801222539887,21.399345335515548,25262056,65595064,59,6066,24564,103557697946,146093747
1786699802246401473,21.6359918200409,25274072,65595064,63,6066,24564,103575012696,146129979
1786699803271319467,23.04863097670617,25315344,65595064,59,6065,24564,103590986337,146317485
1786699804294252594,20.180106426524766,25270712,65595064,62,6067,24564,103591005390,146329768
1786699805318463713,19.696969696969695,25290460,65595064,61,6065,24564,103591007657,146330407
1786699806344657419,22.22222222222222,25298240,65595064,61,6065,24564,103591007723,146330579
1786699807369128291,19.983619983619985,25287092,65595064,61,6067,24564,103591014904,146331591
1786699808393120528,19.688269073010666,25283520,65595064,61,6065,24564,103591015994,146331689
1786699809422583900,20.016339869281047,25291376,65595064,61,6067,24564,103591040836,146334637
1786699810450176178,20.71924805884757,25282208,65595064,59,6067,24564,103591072555,146343913
1786699811477546711,21.046178994687374,25243932,65595064,61,6065,24564,103591075016,146344085
1786699812506671057,21.00082034454471,25256988,65595064,62,6067,24564,103591092174,146345899
1786699813533760696,21.01597705858255,25261636,65595064,61,6065,24564,103591092174,146345899
1786699814559599045,22.645372645372646,25243636,65595064,62,6067,24564,103591151942,146532707
1786699815585116006,19.63919639196392,25229964,65595064,62,6067,24564,103591162997,146804562
1786699816608952886,20.89613034623218,25236768,65595064,59,6067,24564,103591168206,146808213
1786699817639879483,19.62233169129721,25232328,65595064,62,6073,24564,103591198851,146811629
1786699818665838249,20.750101916021197,25231992,65595064,60,6065,24564,103591214687,146812833
1786699819692687650,19.861054352268084,25259852,65595064,63,6067,24564,103591214847,146813037
1786699820717606610,19.35219352193522,25263032,65595064,62,6065,24564,103591216352,146813543
1786699821744799973,20.16359918200409,25241408,65595064,63,6065,24564,103591232899,146863617
1786699822768014631,21.991024071807427,25256228,65595064,63,6065,24564,103591242167,147263948
1786699823791645360,19.38398357289528,25255216,65595064,60,6065,24564,103591268429,147265678
1786699824819315825,19.729286300246102,25261060,65595064,61,6067,24564,103591293209,147267154
1786699825843905306,19.631147540983605,25311408,65595064,59,6073,24564,103591295939,147267498
1786699826871480216,19.431864965006174,25260040,65595064,58,6065,24564,103591295939,147267498
1786699827894167697,19.49221949221949,25268200,65595064,62,6067,24564,103591295939,147267498
1786699828918766516,19.199009083402146,25257500,65595064,64,6065,24564,103591344232,147277522
1786699829946127785,20.82820828208282,25226728,65595064,61,6067,24564,103591348775,147280056
1786699830971770965,20.565342072920934,25268320,65595064,63,6067,24564,103591356323,147282980
1786699831995553993,19.376026272577995,25270956,65595064,61,6067,24564,103591356323,147282980
1786699833021300967,20.05707297187118,25236992,65595064,61,6065,24564,103591358846,147283758
1786699834046583545,19.309778142974526,25240792,65595064,58,6065,24564,103591383285,147735006
1786699835072393343,19.366776315789473,25242928,65595064,63,6065,24564,103591387732,147736384
1786699836096081497,19.73845525132816,25248868,65595064,63,6067,24564,103591420291,147742522
1786699837121060237,19.787408013082583,25260432,65595064,62,6067,24564,103591426223,147746822
1786699838147273556,21.52521525215252,25239492,65595064,61,6067,24564,103591433507,147751296
1786699839171925915,20.41820418204182,25277024,65595064,61,6077,24564,103591442844,147756402
1786699840196519160,23.035787741670095,25259716,65595064,63,6077,24564,103591466256,147765699
1786699841221149502,20.253164556962027,25267332,65595064,59,6079,24564,103591495474,147769187
1786699842244756140,19.605425400739826,25246580,65595064,61,6078,24564,103591500953,147772025
1786699843268145245,19.729286300246102,25286256,65595064,58,6078,24564,103591508312,147776131
1786699844293519002,19.917864476386036,25259812,65595064,61,6074,24564,103591520479,147790416
1786699845320574918,19.754601226993866,25264632,65595064,66,6066,24564,103591527197,147797664
1786699846345204382,22.376480195998365,25258704,65595064,61,6066,24564,103591550535,147812741
1786699847371017938,21.00287710645294,25267436,65595064,62,6072,24564,103591599394,147823963
1786699848395084929,19.664072101597707,25274220,65595064,58,6073,24564,103591599484,147824427
1786699849423463989,19.87704918032787,25281900,65595064,60,6071,24564,103591600714,147824867
1786699850447180040,20.032773453502664,25268808,65595064,57,6073,24564,103591627848,147828577
1786699851472279149,19.68019680196802,25268924,65595064,61,6073,24564,103591644709,147830633
1786699852496296284,19.73791973791974,25268976,65595064,62,6068,24564,103591647019,147933077
1786699853524036599,19.39319393193932,25267476,65595064,61,6068,24564,103591653402,148043945
1786699854550211512,21.881390593047033,25297768,65595064,62,6068,24564,103591653402,148043945
1786699855575418112,19.517184942716856,25242008,65595064,57,6068,24564,103591653402,148043945
1786699856601004550,19.696969696969695,25286864,65595064,62,6067,24564,103591653628,148044149
1786699857630243076,19.71486761710794,25244192,65595064,57,6067,24564,103591653628,148044149
1786699858654426749,19.76316864026133,25269556,65595064,62,6067,24564,103591653948,148044385
1786699859678618266,20.425706099058534,25260904,65595064,57,6086,24564,103591659656,148047108
1786699860702406200,21.03533278553821,25269856,65595064,63,6087,24564,103591665078,148049946
1786699861728497692,20.393120393120395,25278640,65595064,62,6085,24564,103591693258,148053757
1786699862755668550,21.789084940500615,25258004,65595064,62,6084,24564,103591719008,148055162
1786699863785401612,19.79550102249489,25286620,65595064,63,6084,24564,103591721834,148055366
1786699864812046832,20.408997955010225,25255308,65595064,59,6078,24564,103591724945,148056820
1786699865836972364,20.79086832450061,25290376,65595064,58,6068,24564,103591792897,148072810
1786699866865354664,20.04909983633388,25275596,65595064,61,6067,24564,103591836737,148099118
1786699867889270780,19.79591836734694,25292452,65595064,62,6066,24564,103591847398,148104278
1786699868913489391,19.656019656019655,25293744,65595064,64,6067,24564,103591859494,148112964
1786699869943933003,21.361213612136122,25293264,65595064,61,6079,24564,103591879755,148118594
1786699870968509082,21.20343839541547,25278692,65595064,60,6070,24564,103591916840,148125581
1786699871994336638,22.17231523070641,25268336,65595064,59,6072,24564,103591946027,148137914
1786699873018111703,19.672131147540984,25303544,65595064,60,6070,24564,103591988171,148140362
1786699874042842878,20.065520065520065,25300068,65595064,62,6070,24564,103592003620,148143750
1786699875068365710,19.481054365733115,25284992,65595064,60,6078,24564,103592011418,148150334
1786699876093158671,19.39319393193932,25299188,65595064,61,6077,24564,103592011578,148150452
1786699877119918548,19.311193111931118,25293600,65595064,62,6069,24564,103592016932,148154287
1786699878144185699,20.93981863149217,25274556,65595064,59,6071,24564,103592022068,148154601
1786699879170199046,19.93423756678997,25281632,65595064,61,6070,24564,103592036393,148157479
1786699880197118055,20.66420664206642,25294996,65595064,63,6080,24564,103592092464,148168603
1786699881223538429,21.592775041050903,25273148,65595064,61,6079,24564,103592093694,148168689
1786699882250289930,21.27921279212792,25298296,65595064,63,6086,24564,103592097976,148170574
1786699883277126626,21.226993865030675,25283136,65595064,60,6086,24564,103592128271,148174230
1786699884305978113,21.384678410487506,25290408,65595064,63,6082,24564,103592136343,148176350
1786699885330209429,21.254071661237784,25275336,65595064,61,6079,24564,103592144947,148181070
1786699886354828995,22.997522708505368,25296640,65595064,63,6078,24564,103592158136,148188196
1786699887383461415,21.13486842105263,25311468,65595064,64,6071,24564,103592175721,148198946
1786699888410295244,23.78818737270876,25547688,65595064,60,6074,24564,103592211071,148215394
1786699889436643508,23.389413212966762,25338260,65595064,61,6085,24564,103592223340,148221548
1786699890462988484,20.515970515970515,25355136,65595064,59,6083,24564,103592254095,148226986
1786699891492098222,20.130665577786854,25351644,65595064,61,6083,24564,103592283305,148237702
1786699892516758587,19.74704202366381,25361100,65595064,59,6081,24564,103592325514,148247096
1786699893543049947,19.120065789473685,25325192,65595064,61,6077,24564,103592350013,148249844
1786699894569626075,21.275720164609055,25292528,65595064,61,6075,24564,103592351242,148249930
1786699895593989621,20.09038619556286,25281368,65595064,62,6069,24564,103592353933,148250192
1786699896619763187,19.69820554649266,25280372,65595064,61,6070,24564,103592354093,148250310
1786699897648556660,19.07894736842105,25277176,65595064,58,6068,24564,103592362674,148255310
1786699898673181621,19.77932161830813,25298508,65595064,63,6070,24564,103592389866,148270098
1786699899701265655,19.87704918032787,25278528,65595064,58,6069,24564,103592436004,148279521
1786699900729596165,19.21343711593609,25271540,65595064,60,6068,24564,103592437395,148279811
1786699901756533951,20.00820008200082,25293680,65595064,58,6070,24564,103592444564,148283451
1786699902780190254,21.99425523184243,25270248,65595064,61,6070,24564,103592469314,148287807
1786699903806539707,19.45014361920394,25274364,65595064,62,6069,24564,103592491203,148362067
1786699904831209685,19.844517184942717,25264320,65595064,62,6064,24564,103592501861,148759299
1786699905855136774,19.292472233648706,25273260,65595064,60,6062,24564,103592528629,148764150
1786699906884204222,20.34383954154728,25279548,65595064,61,6064,24564,103592611934,148771112
1786699907908434761,19.68954248366013,25273232,65595064,61,6068,24564,103592617024,148773098
1786699908932587719,19.360131255127154,25271904,65595064,58,6068,24564,103592622856,148777650
1786699909958267523,20.81967213114754,25289228,65595064,61,6065,24564,103592653741,148784026
1786699910985479202,19.958847736625515,25271440,65595064,60,6067,24564,103592662475,148788960
1786699912009920399,20.040816326530614,25287460,65595064,62,6068,24564,103592709238,149042927
1786699913035438480,22.103970528039294,25292256,65595064,62,6079,24564,103592767906,149055114
1786699914060346574,19.38398357289528,25286916,65595064,63,6077,24564,103592772635,149058335
1786699915094733678,20.671305771592305,25289248,65595064,20,6065,24564,103592794234,149084063
1786699916118782751,21.66531932093775,25272376,65595064,59,6244,24564,103592800036,149089568
1786699917145307311,19.442165709598033,25248460,65595064,59,6221,24564,103592814354,149090546
1786699918269422065,21.343711593609175,25267948,65595064,22,6216,24564,103592847175,149097016
1786699919298612956,20.082120194102277,25263752,65595064,57,6204,24564,103592857017,149102380
1786699920322215519,19.17864476386037,25257256,65595064,58,6203,24564,103592869226,149110496
1786699921348046790,19.189412737799834,25260540,65595064,58,6159,24564,103592881817,149118783
1786699922376421271,18.973305954825463,25266832,65595064,61,6157,24564,103592894480,149127759
1786699923402520326,19.4672131147541,25277968,65595064,61,6158,24564,103592905918,149135789
1786699924428398723,20.0,25273508,65595064,61,6159,24564,103592929597,149148997
1786699925452288455,19.386503067484664,25276200,65595064,61,6159,24564,103592956864,149151579
1786699926476944819,22.094926350245498,25272504,65595064,59,6161,24564,103592960348,149153521
1786699927504776189,20.678381691867592,25269920,65595064,59,6158,24564,103593006475,149163797
1786699928534200875,19.99185667752443,25249544,65595064,61,6160,24564,103593036504,149167138
1786699929557691819,19.232339730502247,25254344,65595064,59,6160,24564,103593056468,149175455
1786699930581517565,19.934640522875817,25276368,65595064,61,6160,24564,103593060603,149176538
1786699931604936435,19.399917796958487,25299808,65595064,62,6159,24564,103593072338,149182302
1786699932630698017,19.21020156314274,25256964,65595064,60,6159,24564,103593081250,149188838
1786699933658015455,20.20449897750511,25293384,65595064,62,6159,24564,103593107921,149200023
1786699934685922169,22.09016393442623,25250576,65595064,59,6159,24564,103593135125,149216541
1786699935711300985,19.54117165096272,25259064,65595064,59,6159,24564,103593185268,149219947
1786699936736861488,19.516195161951618,25294212,65595064,58,6159,24564,103593191244,149221845
1786699937761390609,19.476268412438625,25287632,65595064,58,6157,24564,103593201865,149229634
1786699938788533712,20.18837018837019,25298364,65595064,62,6158,24564,103593224504,149235661
1786699939813712218,20.464737056665307,25286572,65595064,60,6159,24564,103593326211,149258689
1786699940838641879,19.34426229508197,25277468,65595064,64,6159,24564,103593328212,149265645
1786699941865154538,20.238095238095237,25285700,65595064,59,6159,24564,103593354548,149268645
1786699942895708817,20.71516646115906,25279848,65595064,59,6159,24564,103593376053,149749877
1786699943919606411,19.902120717781404,25274728,65595064,59,6157,24564,103593425217,149765861
1786699944945203854,19.53125,25312244,65595064,61,6159,24564,103593484449,149774397
1786699945970849677,19.861337683523654,25298832,65595064,63,6158,24564,103593493465,149778959
1786699946995779418,20.368098159509202,25291832,65595064,60,6159,24564,103593503779,149785212
1786699948022984366,19.564323879983558,25282000,65595064,64,6159,24564,103593523343,149789841
1786699949046668823,19.65742251223491,25307764,65595064,59,6156,24564,103593529698,149792937
1786699950071339901,20.862422997946613,25290252,65595064,58,6156,24564,103593547239,149826609
1786699951095365051,20.213640098603122,25271364,65595064,59,6159,24564,103593555583,150275783
1786699952120756472,19.630390143737166,25260640,65595064,59,6159,24564,103593561475,150303675
1786699953144025550,19.746005735354363,25284436,65595064,62,6158,24564,103593585024,150304411
1786699954170222440,19.729286300246102,25264044,65595064,61,6158,24564,103593721442,150315201
1786699955194923492,22.344771241830067,25275256,65595064,66,6172,24564,103593980348,150333415
1786699956220251154,20.351450756027788,25300468,65595064,59,6174,24564,103593982702,150334877
1786699957243609114,20.196640721015978,25305560,65595064,62,6186,24564,103594006848,150348000
1786699958269716777,22.108285479901557,25287860,65595064,61,6186,24564,103594031472,150350346
1786699959292667787,21.199671322925226,25281984,65595064,60,6187,24564,103594058413,150353737
1786699960318412286,19.81015270326042,25281824,65595064,61,6184,24564,103594079237,150379948
1786699961342092508,19.909873002867677,25291420,65595064,60,6175,24564,103594102564,150394873
1786699962367226472,21.02015631427396,25292584,65595064,61,6173,24564,103594130268,150413753
1786699963390618932,19.84419844198442,25286116,65595064,58,6178,24564,103594136686,150419011
1786699964413518365,20.09020090200902,25283136,65595064,63,6189,24564,103594136846,150421739
1786699965436205260,20.238095238095237,25289760,65595064,57,6185,24564,103594164481,150435730
1786699966464238881,23.007395234182415,25343504,65595064,61,6194,24564,103594191603,150439032
1786699967490382973,19.50920245398773,25284832,65595064,62,6190,24564,103594224905,150445637
1786699968516925709,19.67280163599182,25286436,65595064,59,6191,24564,103594227559,150447961
1786699969541316836,19.106191061910618,25288836,65595064,63,6183,24564,103594233101,150453458
1786699970565105474,20.31954117165096,25266600,65595064,62,6183,24564,103594254111,150465503
1786699971588916441,19.75409836065574,25297780,65595064,59,6181,24564,103594272899,150492688
1786699972612641605,19.54117165096272,25281108,65595064,62,6180,24564,103594331831,150702642
1786699973641521904,19.21020156314274,25296552,65595064,58,6191,24564,103594346532,150705624
1786699974668944200,23.52221769262128,25295772,65595064,63,6183,24564,103594366455,150716248
1786699975698386298,19.53412341642828,25269700,65595064,61,6164,24564,103594393554,150719792
1786699976727939453,19.049569848422777,25268072,65595064,60,6162,24564,103594393656,150722181
1786699977758261428,19.83739837398374,25285796,65595064,62,6164,24564,103594396916,150724852
1786699978788221168,19.076797385620914,25263656,65595064,59,6164,24564,103594397076,150727768
1786699979813727010,19.66544267645859,25266456,65595064,59,6153,24564,103594397434,150729672
1786699980838867411,19.87730061349693,25273396,65595064,59,6153,24564,103594467253,150744168
1786699981864222879,20.501232539030404,25283520,65595064,63,6165,24564,103594468484,150746285
1786699982893754143,20.893076607947563,25292048,65595064,62,6165,24564,103594471534,150749055
1786699983919800448,19.861054352268084,25281304,65595064,62,6163,24564,103594473188,150751209
1786699984943041071,19.449013157894736,25289148,65595064,62,6163,24564,103594497753,150762744
1786699985967778093,20.435855263157894,25287676,65595064,62,6196,24564,103594528183,150769012
1786699986993463021,22.777550184350677,25303820,65595064,58,6213,24564,103594587536,150790240
1786699988016683847,19.435351882160393,25316040,65595064,61,6212,24564,103594620166,150798385
1786699989042198338,19.417077175697866,25302192,65595064,59,6198,24564,103594627517,150804531
1786699990067148513,20.886335658596636,25281892,65595064,61,6197,24564,103594633879,150810665
1786699991093384204,20.37720377203772,25305676,65595064,59,6184,24564,103594646729,150819529
1786699992120589768,22.34522345223452,25294704,65595064,60,6184,24564,103594681413,150837727
1786699993146870255,20.773930753564155,25342124,65595064,61,6190,24564,103594726648,150850874
1786699994173394903,20.58220582205822,25313056,65595064,59,6181,24564,103594767672,150869549
1786699995196165365,19.86890618598935,25286744,65595064,62,6183,24564,103594773597,150875193
1786699996222015409,18.853135313531354,25295488,65595064,59,6183,24564,103594779037,150881349
1786699997249383906,19.860484201887566,25284028,65595064,59,6186,24564,103594821209,150894685
1786699998275081872,21.715927750410508,25287624,65595064,61,6188,24564,103594858816,150911474
1786699999300379134,19.499178981937604,25312892,65595064,63,6188,24564,103594866626,150913672
1786700000326046924,19.474116680361544,25308268,65595064,60,6187,24564,103594886881,150925807
1786700001354118547,19.71486761710794,25298740,65595064,61,6187,24564,103594889787,150928017
1786700002381919152,19.67479674796748,25301912,65595064,60,6178,24564,103594890049,150931624
1786700003406985873,19.34560327198364,25303948,65595064,59,6175,24564,103594892972,150933778
1786700004435064468,19.205569205569205,25277768,65595064,61,6177,24564,103594893733,150936630
1786700005459000170,19.148936170212767,25307952,65595064,61,6175,24564,103594893733,150938230
1786700006484496387,22.103533278553822,25283244,65595064,59,6177,24564,103594964470,150953292
1786700007510063683,20.13974517057131,25282160,65595064,61,6204,24564,103594973126,150960766
1786700008537093659,20.501232539030404,25292684,65595064,62,6194,24564,103594992086,150966841
1786700009561940245,19.32841932841933,25285528,65595064,58,6193,24564,103595023016,150976863
1786700010592091164,19.409109560935576,25276916,65595064,60,6193,24564,103595028119,150980949
1786700011617627095,19.76365118174409,25286932,65595064,59,6189,24564,103595042265,150983901
1786700012643292549,19.34426229508197,25285676,65595064,61,6166,24564,103595042473,150986365
1786700013670058315,19.370657948508377,25292260,65595064,62,6166,24564,103595043005,150988321
1786700014698082064,22.444807849550287,25342088,65595064,60,6168,24564,103595062169,150998386
1786700015722215063,20.620661494487546,25318628,65595064,62,6220,24564,103595089536,151002096
1786700016745566559,21.710526315789473,25345048,65595064,59,6213,24564,103595102426,151016010
1786700017769250086,19.08679555738379,25298420,65595064,59,6212,24564,103595114114,151022204
1786700018797117740,19.37474290415467,25273544,65595064,58,6201,24564,103595119893,151028792
1786700019822967673,20.35903712770298,25306488,65595064,61,6202,24564,103595134211,151031362
1786700020846331634,19.34426229508197,25289116,65595064,64,6201,24564,103595135287,151034393
1786700021871081470,19.97533908754624,25285124,65595064,64,6175,24564,103595135513,151036443
1786700022896030992,20.795734208367513,25297480,65595064,62,6175,24564,103595135711,151038289
1786700023925085425,20.016373311502253,25283288,65595064,59,6182,24564,103595135871,151040492
1786700024953136390,19.80400163331972,25297508,65595064,61,6155,24564,103595142178,151048578
1786700025980249200,18.87796887796888,25292136,65595064,59,6157,24564,103595142178,151050970
1786700027003951506,19.583843329253366,25291776,65595064,60,6154,24564,103595142310,151053050
1786700028029427695,19.260780287474333,25277512,65595064,60,6153,24564,103595142412,151055564
1786700029058452643,19.25287356321839,25294748,65595064,60,6149,24564,103595142544,151057851
1786700030083290876,20.64727570667759,25302492,65595064,63,6150,24564,103595166914,151060299
1786700031108905529,20.425706099058534,25290940,65595064,61,6150,24564,103595192555,151064034
1786700032135814239,19.49221949221949,25296988,65595064,59,6149,24564,103595207138,151284649
1786700033160507089,19.894007337953525,25301384,65595064,61,6150,24564,103595234191,151299282
1786700034185898648,19.170771756978652,25290472,65595064,59,6150,24564,103595240486,151306268
1786700035209331899,19.869441044471642,25314356,65595064,62,6150,24564,103595243809,151310192
1786700036232910078,19.237079573420836,25311164,65595064,62,6149,24564,103595244719,151313320
1786700037257343575,19.28746928746929,25285956,65595064,58,6148,24564,103595248716,151317826
1786700038287769510,21.532091097308488,25312476,65595064,63,6150,24564,103595280885,151332801
1786700039314249378,19.9836867862969,25308044,65595064,70,6147,24564,103595308080,151335863
1786700040339889153,19.33633756657108,25294092,65595064,61,6149,24564,103595333870,151341279
1786700041364506368,20.26971802206784,25309784,65595064,61,6150,24564,103595335489,151343313
1786700042390578638,19.45126945126945,25290068,65595064,61,6150,24564,103595339234,151347399
1786700043416898434,19.655313910545754,25274888,65595064,64,6149,24564,103595382708,151359902
1786700044441192052,18.867924528301888,25311672,65595064,59,6149,24564,103595382928,151362582
1786700045467314450,19.975389663658735,25279284,65595064,61,6157,24564,103595390998,151366880
1786700046495848944,21.34046052631579,25306736,65595064,60,6141,24564,103595395185,151369180
1786700047521132501,20.473083197389887,25305416,65595064,63,6139,24564,103595435248,151387584
1786700048544294384,19.664072101597707,25299012,65595064,63,6136,24564,103595485450,151392950
1786700049568369917,19.52420016406891,25309788,65595064,62,6141,24564,103595491409,151395526
1786700050592889367,20.82820828208282,25289328,65595064,63,6135,24564,103595502254,151405280
1786700051620836842,19.942787086228034,25303440,65595064,59,6134,24564,103595546698,151908317
1786700052644187643,19.551020408163264,25318236,65595064,60,6133,24564,103595549066,151911223
1786700053668609195,19.435351882160393,25271960,65595064,61,6135,24564,103595555019,151912763
1786700054695112684,21.27220156959934,25294000,65595064,59,6135,24564,103595581000,151915625
1786700055723821385,19.104354971240756,25291416,65595064,60,6134,24564,103595582289,151917319
1786700056749220209,19.517184942716856,25289376,65595064,60,6133,24564,103595583240,151919471
1786700057773262871,19.21343711593609,25287284,65595064,67,6133,24564,103595584125,151921229
1786700058796133298,19.268693508627774,25269104,65595064,60,6133,24564,103595585579,151924461
1786700059825883255,19.57324579400903,25292552,65595064,59,6134,24564,103595596401,151932737
1786700060854636809,24.139344262295083,25180204,65595064,60,6133,24564,103595615669,151967673
