<?xml version="1.0" encoding="UTF-8"?>
<launch>
  <arg name="ns" default=""/>
  <arg name="pointcloud_topic"/>
  <arg name="filtered_detections_topic" default="lidartag/filtered/detections_array"/>
  <arg name="lidar_model"/>

  <group>
    <push-ros-namespace namespace="$(var ns)"/>

    <include file="$(find-pkg-share lidartag)/launch/lidartag_$(var lidar_model).launch.xml">
      <arg name="pointcloud_topic" value="$(var pointcloud_topic)"/>
    </include>

    <node pkg="tier4_tag_utils" exec="lidartag_filter_node" name="lidartag_filter" output="screen">
      <remap from="lidartag/filtered/detections_array" to="$(var filtered_detections_topic)"/>

      <param name="max_no_observation_time" value="3.0"/>
      <param name="new_hypothesis_distance" value="1.5"/>

      <param name="new_hypothesis_translation" value="0.1"/>
      <param name="new_hypothesis_rotation" value="15.0"/>
      <param name="measurement_noise_translation" value="0.05"/>
      <param name="measurement_noise_rotation" value="5.0"/>
      <param name="process_noise_translation" value="0.01"/>
      <param name="process_noise_translation_dot" value="0.001"/>
      <param name="process_noise_rotation" value="1.0"/>
      <param name="process_noise_rotation_dot" value="0.1"/>
    </node>
  </group>
</launch>
