<?xml version="1.0" encoding="UTF-8"?>
<launch>
  <arg name="ns"/>
  <arg name="parent_frame"/>
  <arg name="child_frame"/>

  <group>
    <push-ros-namespace namespace="$(var ns)"/>
    <node pkg="extrinsic_manual_calibrator" exec="extrinsic_manual_calibrator" name="extrinsic_manual_calibrator" output="screen"/>
    <node pkg="tunable_static_tf_broadcaster" exec="tunable_static_tf_broadcaster_node" name="tf_broadcaster" output="screen">
      <param name="use_sim_time" value="true"/>
      <param name="header_frame" value="$(var parent_frame)"/>
      <param name="child_frame" value="$(var child_frame)"/>
    </node>
  </group>
</launch>
