<?xml version="1.0" encoding="UTF-8"?>
<launch>
  <arg name="base_frame" default="base_link"/>

  <arg name="mapping_registrator" default="gicp" description="ndt or gicp"/>
  <arg name="rviz" default="true"/>

  <arg name="lost_frame_max_acceleration" default="10.0"/>
  <arg name="local_map_num_keyframes" default="30"/>
  <arg name="dense_pointcloud_num_keyframes" default="20"/>
  <arg name="mapper_resolution" default="0.5"/>
  <arg name="mapper_max_iterations" default="500"/>
  <arg name="mapper_epsilon" default="0.001"/>
  <arg name="mapper_max_correspondence_distance" default="0.1"/>
  <arg name="lidar_calibration_max_frames" default="20"/>
  <arg name="calibration_eval_max_corr_distance" default="0.2"/>
  <arg name="calibration_skip_keyframes" default="10"/>

  <arg name="mapping_max_range" default="50.0"/>
  <arg name="max_calibration_range" default="40.0"/>

  <arg name="calibration_use_only_last_frames" default="true"/>
  <arg name="crop_z_calibration_pointclouds" default="true"/>
  <arg name="crop_z_calibration_pointclouds_value" default="4.0"/>

  <let name="calibrate_base_frame" value="true"/>
  <arg name="base_lidar_crop_box_min_x" default="-5.0"/>
  <arg name="base_lidar_crop_box_min_y" default="-5.0"/>
  <arg name="base_lidar_crop_box_min_z" default="-5.0"/>
  <arg name="base_lidar_crop_box_max_x" default="10.0"/>
  <arg name="base_lidar_crop_box_max_y" default="5.0"/>
  <arg name="base_lidar_crop_box_max_z" default="5.0"/>
  <arg name="base_lidar_min_plane_points_percentage" default="10.0"/>
  <arg name="base_lidar_max_inlier_distance" default="0.03"/>
  <arg name="base_lidar_min_plane_points" default="500"/>
  <arg name="base_lidar_max_cos_distance" default="0.2"/>
  <arg name="base_lidar_max_iterations" default="500"/>
  <arg name="base_lidar_overwrite_xy_yaw" default="false"/>

  <let name="calibration_camera_optical_link_frames" value="['']"/>

  <let name="calibration_lidar_frames" value="['']"/>

  <let name="mapping_lidar_frame" value="pandar_40p_left"/>
  <let name="mapping_pointcloud" value="/sensing/lidar/left_upper/outlier_filtered/pointcloud"/>
  <let name="detected_objects" value="/perception/object_recognition/detection/objects"/>

  <let name="calibration_camera_info_topics" value="['']"/>

  <let name="calibration_image_topics" value="[
    '']"/>

  <let name="calibration_pointcloud_topics" value="['']"/>

  <!-- mapping based calibrator -->
  <include file="$(find-pkg-share mapping_based_calibrator)/launch/calibrator.launch.xml">
    <arg name="ns" value=""/>
    <arg name="calibration_service_name" value="calibrate_base_lidar"/>

    <arg name="rviz" value="$(var rviz)"/>
    <arg name="base_frame" value="$(var base_frame)"/>

    <arg name="calibration_camera_optical_link_frames" value="$(var calibration_camera_optical_link_frames)"/>
    <arg name="calibration_lidar_frames" value="$(var calibration_lidar_frames)"/>
    <arg name="mapping_lidar_frame" value="$(var mapping_lidar_frame)"/>

    <arg name="mapping_pointcloud" value="$(var mapping_pointcloud)"/>
    <arg name="detected_objects" value="$(var detected_objects)"/>

    <arg name="calibration_camera_info_topics" value="$(var calibration_camera_info_topics)"/>
    <arg name="calibration_image_topics" value="$(var calibration_image_topics)"/>
    <arg name="calibration_pointcloud_topics" value="$(var calibration_pointcloud_topics)"/>

    <arg name="mapping_registrator" value="$(var mapping_registrator)"/>
    <arg name="lost_frame_max_acceleration" value="$(var lost_frame_max_acceleration)"/>
    <arg name="calibration_skip_keyframes" value="$(var calibration_skip_keyframes)"/>

    <arg name="local_map_num_keyframes" value="$(var local_map_num_keyframes)"/>
    <arg name="dense_pointcloud_num_keyframes" value="$(var dense_pointcloud_num_keyframes)"/>
    <arg name="mapper_resolution" value="$(var mapper_resolution)"/>
    <arg name="mapper_max_iterations" value="$(var mapper_max_iterations)"/>
    <arg name="mapper_epsilon" value="$(var mapper_epsilon)"/>
    <arg name="mapper_max_correspondence_distance" value="$(var mapper_max_correspondence_distance)"/>
    <arg name="lidar_calibration_max_frames" value="$(var lidar_calibration_max_frames)"/>
    <arg name="calibration_eval_max_corr_distance" value="$(var calibration_eval_max_corr_distance)"/>
    <arg name="calibration_skip_keyframes" value="$(var calibration_skip_keyframes)"/>

    <arg name="mapping_max_range" value="$(var mapping_max_range)"/>
    <arg name="max_calibration_range" value="$(var max_calibration_range)"/>

    <arg name="calibration_use_only_last_frames" value="$(var calibration_use_only_last_frames)"/>
    <arg name="crop_z_calibration_pointclouds" value="$(var crop_z_calibration_pointclouds)"/>
    <arg name="crop_z_calibration_pointclouds_value" value="$(var crop_z_calibration_pointclouds_value)"/>

    <arg name="base_lidar_crop_box_min_x" value="$(var base_lidar_crop_box_min_x)"/>
    <arg name="base_lidar_crop_box_min_y" value="$(var base_lidar_crop_box_min_y)"/>
    <arg name="base_lidar_crop_box_min_z" value="$(var base_lidar_crop_box_min_z)"/>
    <arg name="base_lidar_crop_box_max_x" value="$(var base_lidar_crop_box_max_x)"/>
    <arg name="base_lidar_crop_box_max_y" value="$(var base_lidar_crop_box_max_y)"/>
    <arg name="base_lidar_crop_box_max_z" value="$(var base_lidar_crop_box_max_z)"/>
    <arg name="base_lidar_min_plane_points_percentage" value="$(var base_lidar_min_plane_points_percentage)"/>
    <arg name="base_lidar_max_inlier_distance" value="$(var base_lidar_max_inlier_distance)"/>
    <arg name="base_lidar_min_plane_points" value="$(var base_lidar_min_plane_points)"/>
    <arg name="base_lidar_max_cos_distance" value="$(var base_lidar_max_cos_distance)"/>
    <arg name="base_lidar_max_iterations" value="$(var base_lidar_max_iterations)"/>
    <arg name="base_lidar_overwrite_xy_yaw" value="$(var base_lidar_overwrite_xy_yaw)"/>
  </include>
</launch>
