iso_time,epoch_ns,uptime_s,load1,load5,load15,mem_available_kb,disk_available_bytes,bag_bytes,vehicle_rx_packets,vehicle_tx_packets,vehicle_rx_errors,vehicle_tx_errors,vehicle_rx_dropped,vehicle_tx_dropped,wifi_rx_packets,wifi_tx_packets,can0_rx_packets,can0_tx_packets,can0_rx_errors,can0_tx_errors,can0_rx_dropped,can0_tx_dropped
2026-08-14T18:27:05,558845066+09:00,1786699625575405421,5304.62,13.45,13.38,9.71,26710652,366758469632,611419038,58774385,8768037,0,0,79683,0,139669,127136,8300608,152753,0,0,176624,0
2026-08-14T18:27:07,346853689+09:00,1786699627362614193,5306.41,13.09,13.31,9.71,26716416,366757179392,612635307,58832846,8772169,0,0,79733,0,139705,127167,8303729,152812,0,0,176624,0
2026-08-14T18:27:08,708321705+09:00,1786699628724586486,5307.78,13.09,13.31,9.71,26712628,366755983360,613786467,58878488,8774955,0,0,79799,0,139723,127185,8306155,152857,0,0,176624,0
2026-08-14T18:27:10,069722058+09:00,1786699630086869152,5309.14,13.09,13.31,9.71,26697696,366754750464,614974491,58921513,8777666,0,0,79859,0,139798,127237,8308548,152902,0,0,176624,0
2026-08-14T18:27:11,437026165+09:00,1786699631454424636,5310.51,13.09,13.31,9.71,26711660,366753087488,616592595,58964860,8781141,0,0,79897,0,139828,127258,8311016,152949,0,0,176624,0
2026-08-14T18:27:12,812695962+09:00,1786699632829694492,5311.88,12.36,13.16,9.68,26710860,366751604736,618026379,59009050,8784497,0,0,79953,0,139899,127310,8313457,152994,0,0,176624,0
2026-08-14T18:27:14,557781098+09:00,1786699634575703244,5313.63,12.36,13.16,9.68,26710416,366749392896,620168344,59066501,8788835,0,0,80027,0,140023,127418,8316530,153052,0,0,176624,0
2026-08-14T18:27:15,929093702+09:00,1786699635950711720,5315.00,12.36,13.16,9.68,26710896,366747672576,621856080,59112284,8791757,0,0,80053,0,140096,127494,8319018,153099,0,0,176624,0
2026-08-14T18:27:17,343306331+09:00,1786699637361810971,5316.41,11.77,13.02,9.65,26689632,366745989120,623478280,59158400,8794579,0,0,80090,0,140214,127596,8321465,153145,0,0,176624,0
2026-08-14T18:27:18,707967034+09:00,1786699638726285235,5317.78,11.77,13.02,9.65,26701616,366744788992,624629440,59201901,8797271,0,0,80143,0,140258,127634,8323905,153191,0,0,176624,0
2026-08-14T18:27:20,071560806+09:00,1786699640086345934,5319.14,11.77,13.02,9.65,26707752,366743826432,625551224,59246075,8801226,0,0,80181,0,140274,127645,8326360,153237,0,0,176624,0
2026-08-14T18:27:21,824204829+09:00,1786699641840924156,5320.89,11.77,13.02,9.65,26711128,366742507520,626816645,59301079,8805505,0,0,80241,0,140276,127647,8329418,153294,0,0,176624,0
2026-08-14T18:27:23,190512071+09:00,1786699643204867184,5322.26,15.95,13.87,9.95,26708376,366741585920,627689277,59347412,8808586,0,0,80263,0,140300,127666,8331850,153340,0,0,176624,0
2026-08-14T18:27:24,558431413+09:00,1786699644576053912,5323.63,15.95,13.87,9.95,26706372,366740811776,628414453,59391375,8811397,0,0,80323,0,140303,127668,8334291,153386,0,0,176624,0
2026-08-14T18:27:25,927945404+09:00,1786699645944101675,5325.00,15.95,13.87,9.95,26715624,366740201472,628983981,59434134,8814134,0,0,80359,0,140307,127673,8336720,153431,0,0,176624,0
2026-08-14T18:27:27,291582349+09:00,1786699647307823203,5326.36,15.00,13.70,9.91,26711104,366739578880,629545317,59478491,8817483,0,0,80425,0,140312,127676,8339150,153477,0,0,176624,0
2026-08-14T18:27:29,012326761+09:00,1786699649031190473,5328.08,15.00,13.70,9.91,26713216,366738784256,630282354,59534886,8821757,0,0,80507,0,140395,127719,8342219,153534,0,0,176624,0
2026-08-14T18:27:30,383570402+09:00,1786699650399765195,5329.45,15.00,13.70,9.91,26709312,366738075648,630937898,59582419,8830769,0,0,80583,0,140485,127780,8344688,153580,0,0,176624,0
2026-08-14T18:27:31,757632847+09:00,1786699651773732443,5330.82,15.00,13.70,9.91,26712604,366737342464,631626210,59627685,8833744,0,0,80689,0,140873,127984,8347115,153626,0,0,176624,0
2026-08-14T18:27:33,128326056+09:00,1786699653149193954,5332.20,15.64,13.86,9.98,26676916,366736572416,632367770,59671880,8836662,0,0,80815,0,141000,128089,8349596,153672,0,0,176624,0
2026-08-14T18:27:34,522353898+09:00,1786699654538202469,5333.59,15.64,13.86,9.98,26653700,366735769600,633097042,59722442,8845270,0,0,80983,0,141063,128149,8352058,153718,0,0,176624,0
2026-08-14T18:27:36,307088622+09:00,1786699656326076395,5335.38,15.64,13.86,9.98,26704392,366734716928,634096223,59779848,8850204,0,0,81121,0,141157,128238,8355231,153778,0,0,176624,0
2026-08-14T18:27:37,678656514+09:00,1786699657695421387,5336.75,15.03,13.76,9.97,26707660,366733959168,634794035,59822548,8853514,0,0,81175,0,141197,128272,8357686,153823,0,0,176624,0
2026-08-14T18:27:39,053349350+09:00,1786699659069413019,5338.12,15.03,13.76,9.97,26693904,366733230080,635478251,59867735,8856729,0,0,81267,0,141249,128307,8360083,153868,0,0,176624,0
2026-08-14T18:27:40,404573197+09:00,1786699660420746028,5339.47,15.03,13.76,9.97,26708096,366732394496,636268963,59910730,8859566,0,0,81375,0,141301,128352,8362490,153914,0,0,176624,0
2026-08-14T18:27:41,777441494+09:00,1786699661792491793,5340.84,15.03,13.76,9.97,26710232,366731563008,637047387,59953289,8862346,0,0,81495,0,141372,128421,8364926,153960,0,0,176624,0
2026-08-14T18:27:43,509029888+09:00,1786699663525916490,5342.58,14.54,13.68,9.97,26703360,366730489856,638079335,60007630,8866667,0,0,81609,0,141496,128540,8367979,154017,0,0,176624,0
2026-08-14T18:27:44,871244719+09:00,1786699664886883346,5343.94,14.54,13.68,9.97,26710768,366729670656,638829087,60050820,8869988,0,0,81711,0,141512,128554,8370412,154063,0,0,176624,0
2026-08-14T18:27:46,236922876+09:00,1786699666255696352,5345.31,14.54,13.68,9.97,26707440,366728847360,639603415,60094834,8873680,0,0,81850,0,141551,128593,8372841,154109,0,0,176624,0
2026-08-14T18:27:47,616746927+09:00,1786699667637002921,5346.69,14.26,13.64,9.97,26709728,366727966720,640459663,60140584,8876615,0,0,81963,0,141674,128731,8375266,154154,0,0,176624,0
2026-08-14T18:27:48,981556296+09:00,1786699668997555848,5348.05,14.26,13.64,9.97,26713704,366727188480,641176647,60184650,8879303,0,0,82061,0,141827,128862,8377710,154200,0,0,176624,0
2026-08-14T18:27:50,714258235+09:00,1786699670732609768,5349.78,14.26,13.64,9.97,26711092,366726279168,642024276,60238631,8882867,0,0,82191,0,141889,128922,8380757,154257,0,0,176624,0
2026-08-14T18:27:52,078203281+09:00,1786699672094732330,5351.14,14.26,13.64,9.97,26709152,366725632000,642626572,60282510,8886777,0,0,82317,0,141903,128932,8383200,154303,0,0,176624,0
2026-08-14T18:27:53,454776646+09:00,1786699673470638684,5352.52,14.48,13.69,10.01,26711712,366724980736,643228868,60326552,8889876,0,0,82421,0,141906,128934,8385623,154349,0,0,176624,0
2026-08-14T18:27:54,821039928+09:00,1786699674838371270,5353.89,14.48,13.69,10.01,26717536,366724337664,643827069,60371963,8893404,0,0,82497,0,141906,128934,8388069,154395,0,0,176624,0
2026-08-14T18:27:56,195919825+09:00,1786699676210823639,5355.26,14.48,13.69,10.01,26711136,366723653632,644462134,60415514,8896255,0,0,82595,0,141908,128935,8390486,154440,0,0,176624,0
2026-08-14T18:27:57,951123279+09:00,1786699677967898863,5357.02,17.08,14.25,10.21,26718996,366722711552,645354820,60470256,8899762,0,0,82731,0,141938,128960,8393590,154498,0,0,176624,0
2026-08-14T18:27:59,324822939+09:00,1786699679343487854,5358.39,17.08,14.25,10.21,26710944,366722019328,645998077,60513852,8903209,0,0,82855,0,141943,128964,8396076,154545,0,0,176624,0
2026-08-14T18:28:00,695022056+09:00,1786699680710783549,5359.76,17.08,14.25,10.21,26708980,366721327104,646633142,60557643,8906678,0,0,82963,0,141946,128967,8398512,154590,0,0,176624,0
2026-08-14T18:28:02,059831213+09:00,1786699682076147434,5361.13,17.08,14.25,10.21,26708972,366720548864,647374703,60600559,8910279,0,0,83067,0,141994,129006,8400929,154636,0,0,176624,0
2026-08-14T18:28:03,434020459+09:00,1786699683450147717,5362.50,17.96,14.47,10.31,26708532,366719782912,648083496,60645787,8913243,0,0,83185,0,142042,129033,8403501,154684,0,0,176624,0
2026-08-14T18:28:05,262744617+09:00,1786699685282772195,5364.33,17.96,14.47,10.31,26703540,366718742528,649054005,60703944,8916981,0,0,83349,0,142286,129209,8406604,154743,0,0,176624,0
2026-08-14T18:28:06,629603305+09:00,1786699686647258305,5365.70,17.96,14.47,10.31,26700740,366718025728,649734126,60747334,8919691,0,0,83411,0,142286,129209,8409048,154788,0,0,176624,0
2026-08-14T18:28:07,991594889+09:00,1786699688007096841,5367.06,17.32,14.40,10.30,26702804,366717026304,650668199,60790377,8924230,0,0,83517,0,142539,129458,8411491,154834,0,0,176624,0
2026-08-14T18:28:09,372256050+09:00,1786699689387151390,5368.44,17.32,14.40,10.30,26712072,366716190720,651454816,60833662,8927205,0,0,83653,0,142541,129468,8413891,154879,0,0,176624,0
2026-08-14T18:28:10,731393444+09:00,1786699690748085005,5369.80,17.32,14.40,10.30,26701960,366715342848,652274201,60878153,8930826,0,0,83763,0,142569,129486,8416326,154925,0,0,176624,0
2026-08-14T18:28:12,481486521+09:00,1786699692497649710,5371.55,17.37,14.46,10.35,26706304,366713634816,653924646,60933875,8934388,0,0,83889,0,142589,129500,8419445,154983,0,0,176624,0
2026-08-14T18:28:13,852525747+09:00,1786699693868673727,5372.92,17.37,14.46,10.35,26705300,366712111104,655391199,60977484,8937183,0,0,84009,0,142610,129516,8421869,155029,0,0,176624,0
2026-08-14T18:28:15,221948987+09:00,1786699695240797516,5374.29,17.37,14.46,10.35,26697940,366710743040,656722584,61020818,8940493,0,0,84117,0,142649,129551,8424312,155075,0,0,176624,0
2026-08-14T18:28:16,601010721+09:00,1786699696619062535,5375.68,17.37,14.46,10.35,26692680,366709510144,657890129,61064574,8944031,0,0,84217,0,142696,129587,8426804,155121,0,0,176624,0
2026-08-14T18:28:18,020239453+09:00,1786699698037957452,5377.09,16.14,14.25,10.30,26713796,366708334592,659012618,61109775,8947676,0,0,84313,0,142802,129691,8429286,155168,0,0,176624,0
2026-08-14T18:28:19,795652331+09:00,1786699699811322352,5378.86,16.14,14.25,10.30,26709596,366707081216,660232984,61167386,8951439,0,0,84449,0,142941,129810,8432420,155227,0,0,176624,0
2026-08-14T18:28:21,152881022+09:00,1786699701170272962,5380.22,16.14,14.25,10.30,26694696,366706335744,660913105,61210570,8954245,0,0,84577,0,143005,129882,8434869,155273,0,0,176624,0
2026-08-14T18:28:22,553123562+09:00,1786699702569360804,5381.62,16.21,14.30,10.34,26693920,366705664000,661523594,61253599,8956969,0,0,84663,0,143012,129890,8437297,155319,0,0,176624,0
2026-08-14T18:28:23,908196310+09:00,1786699703926235311,5382.98,16.21,14.30,10.34,26691948,366704857088,662285635,61296959,8961240,0,0,84799,0,143039,129915,8439724,155364,0,0,176624,0
2026-08-14T18:28:25,268585591+09:00,1786699705283541277,5384.33,16.21,14.30,10.34,26709476,366704054272,663051772,61340494,8964177,0,0,84903,0,143060,129919,8442115,155409,0,0,176624,0
2026-08-14T18:28:27,015763889+09:00,1786699707034223805,5386.09,16.21,14.30,10.34,26695320,366702837760,664222986,61397871,8968663,0,0,85021,0,143063,129921,8445253,155468,0,0,176624,0
2026-08-14T18:28:28,377014905+09:00,1786699708392692886,5387.44,15.95,14.28,10.35,26709052,366701686784,665304515,61440060,8971430,0,0,85143,0,143063,129921,8447649,155513,0,0,176624,0
2026-08-14T18:28:29,742150769+09:00,1786699709756344390,5388.81,15.95,14.28,10.35,26710436,366700654592,666308220,61483316,8974217,0,0,85210,0,143097,129942,8450093,155558,0,0,176624,0
2026-08-14T18:28:31,107461027+09:00,1786699711125408405,5390.18,15.95,14.28,10.35,26706084,366699536384,667365173,61526726,8977429,0,0,85317,0,143123,129968,8452521,155604,0,0,176624,0
2026-08-14T18:28:32,470577130+09:00,1786699712485497559,5391.54,16.04,14.32,10.39,26704496,366698450944,668405742,61569920,8980972,0,0,85421,0,143241,130087,8454931,155649,0,0,176624,0
2026-08-14T18:28:34,193795434+09:00,1786699714210636888,5393.26,16.04,14.32,10.39,26706068,366697312256,669486843,61624945,8985404,0,0,85555,0,143327,130145,8458026,155707,0,0,176624,0
2026-08-14T18:28:35,565411123+09:00,1786699715581331981,5394.63,16.04,14.32,10.39,26705300,366696423424,670371764,61670580,8988330,0,0,85667,0,143328,130146,8460461,155753,0,0,176624,0
2026-08-14T18:28:36,952311327+09:00,1786699716969853743,5396.02,16.04,14.32,10.39,26703528,366695436288,671273069,61715474,8991078,0,0,85763,0,143394,130193,8462937,155799,0,0,176624,0
2026-08-14T18:28:38,325854274+09:00,1786699718342117298,5397.39,15.55,14.25,10.39,26695136,366694158336,672575782,61758379,8993867,0,0,85865,0,143413,130211,8465385,155845,0,0,176624,0
2026-08-14T18:28:39,701178281+09:00,1786699719719232286,5398.77,15.55,14.25,10.39,26692088,366692712448,673903071,61802208,8997651,0,0,85983,0,143471,130247,8467855,155891,0,0,176624,0
2026-08-14T18:28:41,469448983+09:00,1786699721484961276,5400.53,15.55,14.25,10.39,26691340,366690979840,675573997,61857762,9001649,0,0,86095,0,143503,130265,8470956,155949,0,0,176624,0
2026-08-14T18:28:42,825424728+09:00,1786699722843091232,5401.90,19.19,15.03,10.66,26690472,366689509376,677003686,61902798,9005148,0,0,86185,0,143525,130288,8473408,155995,0,0,176624,0
2026-08-14T18:28:44,200880958+09:00,1786699724215840666,5403.27,19.19,15.03,10.66,26694016,366687772672,678707807,61946061,9007992,0,0,86295,0,143532,130292,8475837,156041,0,0,176624,0
2026-08-14T18:28:45,568594443+09:00,1786699725585702351,5404.64,19.19,15.03,10.66,26706656,366685855744,680604440,61990454,9010901,0,0,86453,0,143534,130293,8478237,156086,0,0,176624,0
2026-08-14T18:28:46,920403489+09:00,1786699726938378988,5405.99,19.19,15.03,10.66,26701388,366684418048,682095569,62032370,9013889,0,0,86569,0,143534,130294,8480673,156131,0,0,176624,0
2026-08-14T18:28:48,664769028+09:00,1786699728680078653,5407.73,19.34,15.13,10.71,26702028,366682255360,684159711,62087448,9018682,0,0,86782,0,143555,130311,8483751,156189,0,0,176624,0
2026-08-14T18:28:50,021255334+09:00,1786699730037997913,5409.09,19.34,15.13,10.71,26688068,366680424448,686076824,62130409,9022382,0,0,86929,0,143569,130326,8486180,156234,0,0,176624,0
2026-08-14T18:28:51,377655364+09:00,1786699731392414433,5410.44,19.34,15.13,10.71,26692920,366678667264,687682641,62175211,9025473,0,0,87121,0,143674,130433,8488611,156280,0,0,176624,0
2026-08-14T18:28:52,748529963+09:00,1786699732765085660,5411.82,18.51,15.02,10.70,26701820,366677241856,689091850,62218839,9028441,0,0,87299,0,143776,130514,8491031,156325,0,0,176624,0
2026-08-14T18:28:54,104920775+09:00,1786699734122110309,5413.17,18.51,15.02,10.70,26699336,366675525632,690775491,62260990,9031446,0,0,87527,0,143867,130596,8493447,156370,0,0,176624,0
2026-08-14T18:28:55,834387683+09:00,1786699735850980596,5414.90,18.51,15.02,10.70,26684532,366673481728,692810961,62315562,9036334,0,0,87765,0,144016,130720,8496540,156428,0,0,176624,0
2026-08-14T18:28:57,208314165+09:00,1786699737224434087,5416.28,18.51,15.02,10.70,26709948,366672023552,694220170,62358841,9039598,0,0,87951,0,144050,130746,8498979,156474,0,0,176624,0
2026-08-14T18:28:58,576628334+09:00,1786699738593416112,5417.64,18.79,15.14,10.77,26711364,366670770176,695469635,62402237,9043399,0,0,88106,0,144076,130763,8501399,156520,0,0,176624,0
2026-08-14T18:28:59,939243213+09:00,1786699739958186462,5419.01,18.79,15.14,10.77,26706032,366669283328,696915708,62447318,9046481,0,0,88283,0,144080,130766,8503801,156565,0,0,176624,0
2026-08-14T18:29:01,303847822+09:00,1786699741320203705,5420.37,18.79,15.14,10.77,26700900,366667845632,698329013,62490129,9049507,0,0,88465,0,144085,130768,8506244,156611,0,0,176624,0
2026-08-14T18:29:03,060170714+09:00,1786699743076433339,5422.13,18.73,15.19,10.80,26714788,366666256384,699893442,62545985,9053763,0,0,88721,0,144086,130769,8509361,156669,0,0,176624,0
2026-08-14T18:29:04,423498777+09:00,1786699744440161207,5423.49,18.73,15.19,10.80,26719292,366664998912,701167483,62588845,9057630,0,0,88901,0,144123,130832,8511790,156714,0,0,176624,0
2026-08-14T18:29:05,784464347+09:00,1786699745800633873,5424.85,18.73,15.19,10.80,26718400,366663897088,702208052,62632338,9061225,0,0,89105,0,144171,130878,8514241,156761,0,0,176624,0
2026-08-14T18:29:07,165584909+09:00,1786699747181150421,5426.23,18.73,15.19,10.80,26710416,366662991872,703113453,62676644,9064599,0,0,89305,0,144183,130888,8516655,156806,0,0,176624,0
2026-08-14T18:29:08,533647309+09:00,1786699748551084260,5427.60,18.67,15.23,10.84,26705920,366661939200,704141734,62719530,9067642,0,0,89459,0,144198,130901,8519093,156852,0,0,176624,0
2026-08-14T18:29:10,276795957+09:00,1786699750291542444,5429.34,18.67,15.23,10.84,26701132,366660231168,705792180,62774558,9071378,0,0,89685,0,144261,130939,8522157,156910,0,0,176624,0
2026-08-14T18:29:11,644397337+09:00,1786699751660143925,5430.71,18.67,15.23,10.84,26707184,366658719744,707271021,62817840,9075296,0,0,89921,0,144289,130958,8524611,156956,0,0,176624,0
2026-08-14T18:29:13,025419051+09:00,1786699753041919798,5432.09,17.65,15.08,10.82,26706668,366657339392,708614694,62860894,9078835,0,0,90123,0,144350,130999,8527039,157001,0,0,176624,0
2026-08-14T18:29:14,383565838+09:00,1786699754399244046,5433.45,17.65,15.08,10.82,26713260,366655729664,710200031,62904791,9082586,0,0,90283,0,144361,131017,8529463,157047,0,0,176624,0
2026-08-14T18:29:15,749003129+09:00,1786699755765713715,5434.81,17.65,15.08,10.82,26716424,366653931520,711977880,62950489,9085692,0,0,90477,0,144373,131019,8531880,157092,0,0,176624,0
2026-08-14T18:29:17,503925411+09:00,1786699757521043314,5436.57,16.64,14.91,10.79,26686904,366651949056,713919141,63004978,9089532,0,0,90685,0,144444,131078,8535012,157151,0,0,176624,0
2026-08-14T18:29:18,875193805+09:00,1786699758892028612,5437.94,16.64,14.91,10.79,26692704,366650904576,714939230,63047432,9092491,0,0,90947,0,144550,131186,8537456,157196,0,0,176624,0
2026-08-14T18:29:20,253038467+09:00,1786699760269127508,5439.32,16.64,14.91,10.79,26691624,366649634816,716205079,63091039,9096640,0,0,91087,0,144795,131416,8539903,157243,0,0,176624,0
2026-08-14T18:29:21,635028954+09:00,1786699761652688265,5440.70,16.64,14.91,10.79,26692632,366648111104,717692112,63135385,9100195,0,0,91273,0,144828,131435,8542347,157288,0,0,176624,0
2026-08-14T18:29:23,003893299+09:00,1786699763023278809,5442.07,16.99,15.02,10.84,26691884,366646767616,718998921,63180288,9103652,0,0,91471,0,144848,131453,8544780,157334,0,0,176624,0
2026-08-14T18:29:24,757123153+09:00,1786699764772868118,5443.82,16.99,15.02,10.84,26657736,366645276672,720469143,63235567,9107503,0,0,91709,0,145021,131558,8548018,157395,0,0,176624,0
2026-08-14T18:29:26,212320471+09:00,1786699766231461943,5445.28,16.99,15.02,10.84,26622708,366643372032,722341200,63288748,9116585,0,0,91993,0,145109,131639,8550518,157442,0,0,176624,0
2026-08-14T18:29:27,625635731+09:00,1786699767643195094,5446.69,17.39,15.13,10.90,26682196,366641692672,724028937,63333870,9120538,0,0,92133,0,145185,131692,8553020,157489,0,0,176624,0
2026-08-14T18:29:29,084905815+09:00,1786699769104840846,5448.16,17.39,15.13,10.90,26664828,366640037888,725618370,63380387,9124140,0,0,92279,0,145327,131806,8555614,157538,0,0,176624,0
2026-08-14T18:29:30,492035159+09:00,1786699770506628546,5449.56,17.39,15.13,10.90,26673532,366638428160,727199611,63424151,9127964,0,0,92445,0,145379,131855,8558048,157584,0,0,176624,0
2026-08-14T18:29:32,249245172+09:00,1786699772264916573,5451.31,16.48,14.98,10.87,26671168,366636859392,728735368,63481481,9131944,0,0,92671,0,145427,131900,8561139,157642,0,0,176624,0
2026-08-14T18:29:33,612809006+09:00,1786699773631107731,5452.68,16.48,14.98,10.87,26669100,366635327488,730332993,63524394,9134931,0,0,92853,0,145458,131933,8563571,157688,0,0,176624,0
2026-08-14T18:29:34,986864422+09:00,1786699775003125300,5454.05,16.48,14.98,10.87,26679644,366633484288,732073978,63568433,9138098,0,0,93043,0,145470,131939,8566022,157734,0,0,176624,0
2026-08-14T18:29:36,376300010+09:00,1786699776393448895,5455.44,16.48,14.98,10.87,26686560,366632103936,733442227,63612607,9142484,0,0,93207,0,145595,132020,8568445,157779,0,0,176624,0
2026-08-14T18:29:37,734842593+09:00,1786699777751952901,5456.80,15.40,14.78,10.83,26683788,366630813696,734691692,63651771,9145963,0,0,93231,0,145661,132083,8570880,157825,0,0,176624,0
2026-08-14T18:29:39,480603841+09:00,1786699779496654323,5458.55,15.40,14.78,10.83,26656592,366630023168,735453307,63709668,9149886,0,0,93261,0,145858,132248,8573998,157884,0,0,176624,0
2026-08-14T18:29:40,864136247+09:00,1786699780878934569,5459.93,15.40,14.78,10.83,26504012,366629421056,736055604,63748081,9152736,0,0,93283,0,145919,132300,8576399,157929,0,0,176624,0
2026-08-14T18:29:42,216942372+09:00,1786699782233825434,5461.28,15.40,14.78,10.83,26559720,366628810752,736621037,63767964,9155521,0,0,93283,0,146030,132394,8578801,157974,0,0,176624,0
2026-08-14T18:29